case_kind,filename,class_id,roi_index,transform,coverage,position,registration_status,ssim,gradient_ssim,valid_roi_ratio,registration_failure
clean_geometry,thread_20.jpg,3,0,identity,0.0,none,SUCCESS,1.0,1.0,1.0,
synthetic_occlusion,thread_20.jpg,3,0,identity,0.1,top,SUCCESS,0.929693877696991,0.8945262432098389,1.0,
synthetic_occlusion,thread_20.jpg,3,0,identity,0.1,center,SUCCESS,0.8771926760673523,0.8574586510658264,1.0,
synthetic_occlusion,thread_20.jpg,3,0,identity,0.1,bottom,SUCCESS,0.9088197946548462,0.8790349960327148,1.0,
synthetic_occlusion,thread_20.jpg,3,0,identity,0.25,top,SUCCESS,0.8016871809959412,0.7495837211608887,1.0,
synthetic_occlusion,thread_20.jpg,3,0,identity,0.25,center,SUCCESS,0.7532462477684021,0.7160444855690002,1.0,
synthetic_occlusion,thread_20.jpg,3,0,identity,0.25,bottom,SUCCESS,0.7840795516967773,0.7290774583816528,1.0,
synthetic_occlusion,thread_20.jpg,3,0,identity,0.5,top,SUCCESS,0.5526721477508545,0.4952588677406311,1.0,
synthetic_occlusion,thread_20.jpg,3,0,identity,0.5,center,SUCCESS,0.5154814124107361,0.464057594537735,1.0,
synthetic_occlusion,thread_20.jpg,3,0,identity,0.5,bottom,SUCCESS,0.5721526741981506,0.49567610025405884,1.0,
synthetic_occlusion,thread_20.jpg,3,0,identity,0.75,top,SUCCESS,0.31662502884864807,0.22935718297958374,1.0,
synthetic_occlusion,thread_20.jpg,3,0,identity,0.75,center,SUCCESS,0.310815691947937,0.2192612588405609,1.0,
synthetic_occlusion,thread_20.jpg,3,0,identity,0.75,bottom,SUCCESS,0.3319500684738159,0.23732048273086548,1.0,
synthetic_occlusion,thread_20.jpg,3,0,identity,1.0,top,SUCCESS,0.14051491022109985,0.012381923384964466,1.0,
synthetic_occlusion,thread_20.jpg,3,0,identity,1.0,center,SUCCESS,0.14051491022109985,0.012381923384964466,1.0,
synthetic_occlusion,thread_20.jpg,3,0,identity,1.0,bottom,SUCCESS,0.14051491022109985,0.012381923384964466,1.0,
clean_geometry,thread_20.jpg,3,0,perspective_moderate,0.0,none,SUCCESS,0.9558857679367065,0.9138651490211487,1.0,
synthetic_occlusion,thread_20.jpg,3,0,perspective_moderate,0.1,top,SUCCESS,0.8873023390769958,0.8137795925140381,1.0,
synthetic_occlusion,thread_20.jpg,3,0,perspective_moderate,0.1,center,SUCCESS,0.842612087726593,0.7839258909225464,1.0,
synthetic_occlusion,thread_20.jpg,3,0,perspective_moderate,0.1,bottom,SUCCESS,0.8760216236114502,0.810178279876709,1.0,
synthetic_occlusion,thread_20.jpg,3,0,perspective_moderate,0.25,top,SUCCESS,0.7608957290649414,0.6727913022041321,1.0,
synthetic_occlusion,thread_20.jpg,3,0,perspective_moderate,0.25,center,SUCCESS,0.7271580100059509,0.6609164476394653,1.0,
synthetic_occlusion,thread_20.jpg,3,0,perspective_moderate,0.25,bottom,SUCCESS,0.7569986581802368,0.6722424626350403,1.0,
synthetic_occlusion,thread_20.jpg,3,0,perspective_moderate,0.5,top,SUCCESS,0.5248861312866211,0.4415689706802368,1.0,
synthetic_occlusion,thread_20.jpg,3,0,perspective_moderate,0.5,center,SUCCESS,0.4971984922885895,0.42914092540740967,1.0,
synthetic_occlusion,thread_20.jpg,3,0,perspective_moderate,0.5,bottom,SUCCESS,0.554789662361145,0.46384915709495544,1.0,
synthetic_occlusion,thread_20.jpg,3,0,perspective_moderate,0.75,top,SUCCESS,0.3004222512245178,0.20344334840774536,1.0,
synthetic_occlusion,thread_20.jpg,3,0,perspective_moderate,0.75,center,SUCCESS,0.30052852630615234,0.19861145317554474,1.0,
synthetic_occlusion,thread_20.jpg,3,0,perspective_moderate,0.75,bottom,SUCCESS,0.3268691301345825,0.22742652893066406,1.0,
synthetic_occlusion,thread_20.jpg,3,0,perspective_moderate,1.0,top,SUCCESS,0.13866935670375824,0.0098165487870574,1.0,
synthetic_occlusion,thread_20.jpg,3,0,perspective_moderate,1.0,center,SUCCESS,0.13866935670375824,0.0098165487870574,1.0,
synthetic_occlusion,thread_20.jpg,3,0,perspective_moderate,1.0,bottom,SUCCESS,0.13866935670375824,0.0098165487870574,1.0,
clean_geometry,thread_20.jpg,3,0,combined_moderate,0.0,none,SUCCESS,0.9578830003738403,0.9196562170982361,1.0,
synthetic_occlusion,thread_20.jpg,3,0,combined_moderate,0.1,top,SUCCESS,0.9393037557601929,0.8907735347747803,1.0,
synthetic_occlusion,thread_20.jpg,3,0,combined_moderate,0.1,center,SUCCESS,0.806969940662384,0.7359516620635986,1.0,
synthetic_occlusion,thread_20.jpg,3,0,combined_moderate,0.1,bottom,SUCCESS,0.9333173632621765,0.8887616395950317,1.0,
synthetic_occlusion,thread_20.jpg,3,0,combined_moderate,0.25,top,SUCCESS,0.7982885837554932,0.7223309874534607,1.0,
synthetic_occlusion,thread_20.jpg,3,0,combined_moderate,0.25,center,SUCCESS,0.6567694544792175,0.5831592679023743,1.0,
synthetic_occlusion,thread_20.jpg,3,0,combined_moderate,0.25,bottom,SUCCESS,0.7966901063919067,0.7256096601486206,1.0,
synthetic_occlusion,thread_20.jpg,3,0,combined_moderate,0.5,top,SUCCESS,0.516456127166748,0.4399454593658447,1.0,
synthetic_occlusion,thread_20.jpg,3,0,combined_moderate,0.5,center,SUCCESS,0.41370174288749695,0.3155915439128876,1.0,
synthetic_occlusion,thread_20.jpg,3,0,combined_moderate,0.5,bottom,SUCCESS,0.5483880639076233,0.4495198726654053,1.0,
synthetic_occlusion,thread_20.jpg,3,0,combined_moderate,0.75,top,SUCCESS,0.2664452791213989,0.15999028086662292,1.0,
synthetic_occlusion,thread_20.jpg,3,0,combined_moderate,0.75,center,SUCCESS,0.19394423067569733,0.07968796044588089,1.0,
synthetic_occlusion,thread_20.jpg,3,0,combined_moderate,0.75,bottom,SUCCESS,0.29012203216552734,0.1707531064748764,1.0,
synthetic_occlusion,thread_20.jpg,3,0,combined_moderate,1.0,top,SUCCESS,0.13524121046066284,0.0053779263980686665,1.0,
synthetic_occlusion,thread_20.jpg,3,0,combined_moderate,1.0,center,SUCCESS,0.13524121046066284,0.0053779263980686665,1.0,
synthetic_occlusion,thread_20.jpg,3,0,combined_moderate,1.0,bottom,SUCCESS,0.13524121046066284,0.0053779263980686665,1.0,
clean_geometry,thread_21.jpg,3,0,identity,0.0,none,SUCCESS,1.0,1.0,1.0,
synthetic_occlusion,thread_21.jpg,3,0,identity,0.1,top,SUCCESS,0.9261600971221924,0.889442503452301,1.0,
synthetic_occlusion,thread_21.jpg,3,0,identity,0.1,center,SUCCESS,0.9009034633636475,0.8747066259384155,1.0,
synthetic_occlusion,thread_21.jpg,3,0,identity,0.1,bottom,SUCCESS,0.903416633605957,0.8707051873207092,1.0,
synthetic_occlusion,thread_21.jpg,3,0,identity,0.25,top,SUCCESS,0.7945967316627502,0.7464966177940369,1.0,
synthetic_occlusion,thread_21.jpg,3,0,identity,0.25,center,SUCCESS,0.7657994627952576,0.7263825535774231,1.0,
synthetic_occlusion,thread_21.jpg,3,0,identity,0.25,bottom,SUCCESS,0.7824057340621948,0.7283759713172913,1.0,
synthetic_occlusion,thread_21.jpg,3,0,identity,0.5,top,SUCCESS,0.5551578998565674,0.49512091279029846,1.0,
synthetic_occlusion,thread_21.jpg,3,0,identity,0.5,center,SUCCESS,0.5290308594703674,0.4619486927986145,1.0,
synthetic_occlusion,thread_21.jpg,3,0,identity,0.5,bottom,SUCCESS,0.5792795419692993,0.49200528860092163,1.0,
synthetic_occlusion,thread_21.jpg,3,0,identity,0.75,top,SUCCESS,0.32807353138923645,0.23389530181884766,1.0,
synthetic_occlusion,thread_21.jpg,3,0,identity,0.75,center,SUCCESS,0.31724071502685547,0.22399954497814178,1.0,
synthetic_occlusion,thread_21.jpg,3,0,identity,0.75,bottom,SUCCESS,0.3495415151119232,0.23988252878189087,1.0,
synthetic_occlusion,thread_21.jpg,3,0,identity,1.0,top,SUCCESS,0.14858418703079224,0.011829134076833725,1.0,
synthetic_occlusion,thread_21.jpg,3,0,identity,1.0,center,SUCCESS,0.14858418703079224,0.011829134076833725,1.0,
synthetic_occlusion,thread_21.jpg,3,0,identity,1.0,bottom,SUCCESS,0.14858418703079224,0.011829134076833725,1.0,
clean_geometry,thread_21.jpg,3,0,perspective_moderate,0.0,none,SUCCESS,0.962700366973877,0.9308724403381348,1.0,
synthetic_occlusion,thread_21.jpg,3,0,perspective_moderate,0.1,top,SUCCESS,0.8882311582565308,0.820514976978302,1.0,
synthetic_occlusion,thread_21.jpg,3,0,perspective_moderate,0.1,center,SUCCESS,0.867378830909729,0.8105981945991516,1.0,
synthetic_occlusion,thread_21.jpg,3,0,perspective_moderate,0.1,bottom,SUCCESS,0.8735125660896301,0.8109717965126038,1.0,
synthetic_occlusion,thread_21.jpg,3,0,perspective_moderate,0.25,top,SUCCESS,0.7597638964653015,0.6850454211235046,1.0,
synthetic_occlusion,thread_21.jpg,3,0,perspective_moderate,0.25,center,SUCCESS,0.7358829379081726,0.6747609972953796,1.0,
synthetic_occlusion,thread_21.jpg,3,0,perspective_moderate,0.25,bottom,SUCCESS,0.7564916610717773,0.67751544713974,1.0,
synthetic_occlusion,thread_21.jpg,3,0,perspective_moderate,0.5,top,SUCCESS,0.5254747271537781,0.4416273832321167,1.0,
synthetic_occlusion,thread_21.jpg,3,0,perspective_moderate,0.5,center,SUCCESS,0.5077179074287415,0.42500513792037964,1.0,
synthetic_occlusion,thread_21.jpg,3,0,perspective_moderate,0.5,bottom,SUCCESS,0.5657077431678772,0.47407805919647217,1.0,
synthetic_occlusion,thread_21.jpg,3,0,perspective_moderate,0.75,top,SUCCESS,0.30936935544013977,0.20330537855625153,1.0,
synthetic_occlusion,thread_21.jpg,3,0,perspective_moderate,0.75,center,SUCCESS,0.3038790225982666,0.20237646996974945,1.0,
synthetic_occlusion,thread_21.jpg,3,0,perspective_moderate,0.75,bottom,SUCCESS,0.3420701026916504,0.23058302700519562,1.0,
synthetic_occlusion,thread_21.jpg,3,0,perspective_moderate,1.0,top,SUCCESS,0.14384010434150696,0.00880906730890274,1.0,
synthetic_occlusion,thread_21.jpg,3,0,perspective_moderate,1.0,center,SUCCESS,0.14384010434150696,0.00880906730890274,1.0,
synthetic_occlusion,thread_21.jpg,3,0,perspective_moderate,1.0,bottom,SUCCESS,0.14384010434150696,0.00880906730890274,1.0,
clean_geometry,thread_21.jpg,3,0,combined_moderate,0.0,none,SUCCESS,0.9585585594177246,0.9237549304962158,1.0,
synthetic_occlusion,thread_21.jpg,3,0,combined_moderate,0.1,top,SUCCESS,0.9415565729141235,0.8953182697296143,1.0,
synthetic_occlusion,thread_21.jpg,3,0,combined_moderate,0.1,center,SUCCESS,0.8375993371009827,0.7779178619384766,1.0,
synthetic_occlusion,thread_21.jpg,3,0,combined_moderate,0.1,bottom,SUCCESS,0.928669810295105,0.8867495656013489,1.0,
synthetic_occlusion,thread_21.jpg,3,0,combined_moderate,0.25,top,SUCCESS,0.8234478831291199,0.7611135840415955,1.0,
synthetic_occlusion,thread_21.jpg,3,0,combined_moderate,0.25,center,SUCCESS,0.6698907613754272,0.5961646437644958,1.0,
synthetic_occlusion,thread_21.jpg,3,0,combined_moderate,0.25,bottom,SUCCESS,0.7935337424278259,0.7194944620132446,1.0,
synthetic_occlusion,thread_21.jpg,3,0,combined_moderate,0.5,top,SUCCESS,0.5289679765701294,0.4528777003288269,1.0,
synthetic_occlusion,thread_21.jpg,3,0,combined_moderate,0.5,center,SUCCESS,0.3945755660533905,0.29827699065208435,1.0,
synthetic_occlusion,thread_21.jpg,3,0,combined_moderate,0.5,bottom,SUCCESS,0.5405506491661072,0.4393538534641266,1.0,
synthetic_occlusion,thread_21.jpg,3,0,combined_moderate,0.75,top,SUCCESS,0.2667226791381836,0.1597082018852234,1.0,
synthetic_occlusion,thread_21.jpg,3,0,combined_moderate,0.75,center,SUCCESS,0.19406186044216156,0.08159656822681427,1.0,
synthetic_occlusion,thread_21.jpg,3,0,combined_moderate,0.75,bottom,SUCCESS,0.2695637345314026,0.15013600885868073,1.0,
synthetic_occlusion,thread_21.jpg,3,0,combined_moderate,1.0,top,SUCCESS,0.13371221721172333,0.0020746546797454357,1.0,
synthetic_occlusion,thread_21.jpg,3,0,combined_moderate,1.0,center,SUCCESS,0.13371221721172333,0.0020746546797454357,1.0,
synthetic_occlusion,thread_21.jpg,3,0,combined_moderate,1.0,bottom,SUCCESS,0.13371221721172333,0.0020746546797454357,1.0,
clean_geometry,thread_23.jpg,3,0,identity,0.0,none,SUCCESS,1.0,1.0,1.0,
synthetic_occlusion,thread_23.jpg,3,0,identity,0.1,top,SUCCESS,0.9332103729248047,0.893618106842041,1.0,
synthetic_occlusion,thread_23.jpg,3,0,identity,0.1,center,SUCCESS,0.8962000012397766,0.8671010732650757,1.0,
synthetic_occlusion,thread_23.jpg,3,0,identity,0.1,bottom,SUCCESS,0.9194562435150146,0.8840122818946838,1.0,
synthetic_occlusion,thread_23.jpg,3,0,identity,0.25,top,SUCCESS,0.791791558265686,0.7374362945556641,1.0,
synthetic_occlusion,thread_23.jpg,3,0,identity,0.25,center,SUCCESS,0.752631425857544,0.7010128498077393,1.0,
synthetic_occlusion,thread_23.jpg,3,0,identity,0.25,bottom,SUCCESS,0.766664445400238,0.7362950444221497,1.0,
synthetic_occlusion,thread_23.jpg,3,0,identity,0.5,top,SUCCESS,0.531475841999054,0.4785648286342621,1.0,
synthetic_occlusion,thread_23.jpg,3,0,identity,0.5,center,SUCCESS,0.5226336121559143,0.4517984390258789,1.0,
synthetic_occlusion,thread_23.jpg,3,0,identity,0.5,bottom,SUCCESS,0.565480649471283,0.49160459637641907,1.0,
synthetic_occlusion,thread_23.jpg,3,0,identity,0.75,top,SUCCESS,0.31544744968414307,0.22334329783916473,1.0,
synthetic_occlusion,thread_23.jpg,3,0,identity,0.75,center,SUCCESS,0.28472185134887695,0.20732799172401428,1.0,
synthetic_occlusion,thread_23.jpg,3,0,identity,0.75,bottom,SUCCESS,0.3230583369731903,0.23052945733070374,1.0,
synthetic_occlusion,thread_23.jpg,3,0,identity,1.0,top,SUCCESS,0.11498653888702393,0.002722677541896701,1.0,
synthetic_occlusion,thread_23.jpg,3,0,identity,1.0,center,SUCCESS,0.11498653888702393,0.002722677541896701,1.0,
synthetic_occlusion,thread_23.jpg,3,0,identity,1.0,bottom,SUCCESS,0.11498653888702393,0.002722677541896701,1.0,
clean_geometry,thread_23.jpg,3,0,perspective_moderate,0.0,none,SUCCESS,0.9542782306671143,0.91923588514328,1.0,
synthetic_occlusion,thread_23.jpg,3,0,perspective_moderate,0.1,top,SUCCESS,0.8999466896057129,0.8317437767982483,1.0,
synthetic_occlusion,thread_23.jpg,3,0,perspective_moderate,0.1,center,SUCCESS,0.8537173867225647,0.7981833815574646,1.0,
synthetic_occlusion,thread_23.jpg,3,0,perspective_moderate,0.1,bottom,SUCCESS,0.8721430897712708,0.8070887327194214,1.0,
synthetic_occlusion,thread_23.jpg,3,0,perspective_moderate,0.25,top,SUCCESS,0.7640023827552795,0.6847303509712219,1.0,
synthetic_occlusion,thread_23.jpg,3,0,perspective_moderate,0.25,center,SUCCESS,0.7194274067878723,0.6382134556770325,1.0,
synthetic_occlusion,thread_23.jpg,3,0,perspective_moderate,0.25,bottom,SUCCESS,0.7227398753166199,0.6596184968948364,1.0,
synthetic_occlusion,thread_23.jpg,3,0,perspective_moderate,0.5,top,SUCCESS,0.5095239281654358,0.4388439953327179,1.0,
synthetic_occlusion,thread_23.jpg,3,0,perspective_moderate,0.5,center,SUCCESS,0.5025708079338074,0.4195859134197235,1.0,
synthetic_occlusion,thread_23.jpg,3,0,perspective_moderate,0.5,bottom,SUCCESS,0.5351940989494324,0.4341941773891449,1.0,
synthetic_occlusion,thread_23.jpg,3,0,perspective_moderate,0.75,top,SUCCESS,0.3132336139678955,0.214879110455513,1.0,
synthetic_occlusion,thread_23.jpg,3,0,perspective_moderate,0.75,center,SUCCESS,0.26840972900390625,0.18843089044094086,1.0,
synthetic_occlusion,thread_23.jpg,3,0,perspective_moderate,0.75,bottom,SUCCESS,0.30123665928840637,0.20467771589756012,1.0,
synthetic_occlusion,thread_23.jpg,3,0,perspective_moderate,1.0,top,SUCCESS,0.1111321672797203,-0.001375869964249432,1.0,
synthetic_occlusion,thread_23.jpg,3,0,perspective_moderate,1.0,center,SUCCESS,0.1111321672797203,-0.001375869964249432,1.0,
synthetic_occlusion,thread_23.jpg,3,0,perspective_moderate,1.0,bottom,SUCCESS,0.1111321672797203,-0.001375869964249432,1.0,
clean_geometry,thread_23.jpg,3,0,combined_moderate,0.0,none,SUCCESS,0.9620276689529419,0.9331149458885193,1.0,
synthetic_occlusion,thread_23.jpg,3,0,combined_moderate,0.1,top,SUCCESS,0.9458953142166138,0.907101035118103,1.0,
synthetic_occlusion,thread_23.jpg,3,0,combined_moderate,0.1,center,SUCCESS,0.8285564184188843,0.7804579138755798,1.0,
synthetic_occlusion,thread_23.jpg,3,0,combined_moderate,0.1,bottom,SUCCESS,0.9372380375862122,0.9021032452583313,1.0,
synthetic_occlusion,thread_23.jpg,3,0,combined_moderate,0.25,top,SUCCESS,0.8123809099197388,0.7544805407524109,1.0,
synthetic_occlusion,thread_23.jpg,3,0,combined_moderate,0.25,center,SUCCESS,0.6528818607330322,0.5881839990615845,1.0,
synthetic_occlusion,thread_23.jpg,3,0,combined_moderate,0.25,bottom,SUCCESS,0.7909846901893616,0.7341511249542236,1.0,
synthetic_occlusion,thread_23.jpg,3,0,combined_moderate,0.5,top,SUCCESS,0.5008153319358826,0.41972339153289795,1.0,
synthetic_occlusion,thread_23.jpg,3,0,combined_moderate,0.5,center,SUCCESS,0.3695548176765442,0.2598811388015747,1.0,
synthetic_occlusion,thread_23.jpg,3,0,combined_moderate,0.5,bottom,SUCCESS,0.5348231196403503,0.44802477955818176,1.0,
synthetic_occlusion,thread_23.jpg,3,0,combined_moderate,0.75,top,SUCCESS,0.2454555630683899,0.14335142076015472,1.0,
synthetic_occlusion,thread_23.jpg,3,0,combined_moderate,0.75,center,SUCCESS,0.16002705693244934,0.057996708899736404,1.0,
synthetic_occlusion,thread_23.jpg,3,0,combined_moderate,0.75,bottom,SUCCESS,0.2518424391746521,0.1327071338891983,1.0,
synthetic_occlusion,thread_23.jpg,3,0,combined_moderate,1.0,top,SUCCESS,0.10843317210674286,0.0009698477224446833,1.0,
synthetic_occlusion,thread_23.jpg,3,0,combined_moderate,1.0,center,SUCCESS,0.10843317210674286,0.0009698477224446833,1.0,
synthetic_occlusion,thread_23.jpg,3,0,combined_moderate,1.0,bottom,SUCCESS,0.10843317210674286,0.0009698477224446833,1.0,
clean_geometry,thread_24.jpg,3,0,identity,0.0,none,SUCCESS,1.0,1.0,1.0,
synthetic_occlusion,thread_24.jpg,3,0,identity,0.1,top,SUCCESS,0.9525777697563171,0.8979150056838989,1.0,
synthetic_occlusion,thread_24.jpg,3,0,identity,0.1,center,SUCCESS,0.8559645414352417,0.7685609459877014,1.0,
synthetic_occlusion,thread_24.jpg,3,0,identity,0.1,bottom,SUCCESS,0.9290042519569397,0.887226939201355,1.0,
synthetic_occlusion,thread_24.jpg,3,0,identity,0.25,top,SUCCESS,0.8060500621795654,0.7135169506072998,1.0,
synthetic_occlusion,thread_24.jpg,3,0,identity,0.25,center,SUCCESS,0.7452048659324646,0.700557291507721,1.0,
synthetic_occlusion,thread_24.jpg,3,0,identity,0.25,bottom,SUCCESS,0.8140770196914673,0.7394325733184814,1.0,
synthetic_occlusion,thread_24.jpg,3,0,identity,0.5,top,SUCCESS,0.5562054514884949,0.4736022353172302,1.0,
synthetic_occlusion,thread_24.jpg,3,0,identity,0.5,center,SUCCESS,0.5088291764259338,0.41860780119895935,1.0,
synthetic_occlusion,thread_24.jpg,3,0,identity,0.5,bottom,SUCCESS,0.6045804023742676,0.48222342133522034,1.0,
synthetic_occlusion,thread_24.jpg,3,0,identity,0.75,top,SUCCESS,0.33915063738822937,0.2146848887205124,1.0,
synthetic_occlusion,thread_24.jpg,3,0,identity,0.75,center,SUCCESS,0.3368956446647644,0.21718329191207886,1.0,
synthetic_occlusion,thread_24.jpg,3,0,identity,0.75,bottom,SUCCESS,0.34898918867111206,0.20407633483409882,1.0,
synthetic_occlusion,thread_24.jpg,3,0,identity,1.0,top,SUCCESS,0.1793106645345688,0.00015342804545070976,1.0,
synthetic_occlusion,thread_24.jpg,3,0,identity,1.0,center,SUCCESS,0.1793106645345688,0.00015342804545070976,1.0,
synthetic_occlusion,thread_24.jpg,3,0,identity,1.0,bottom,SUCCESS,0.1793106645345688,0.00015342804545070976,1.0,
clean_geometry,thread_24.jpg,3,0,perspective_moderate,0.0,none,SUCCESS,0.9680026173591614,0.9377874732017517,1.0,
synthetic_occlusion,thread_24.jpg,3,0,perspective_moderate,0.1,top,SUCCESS,0.9226639270782471,0.8418561220169067,1.0,
synthetic_occlusion,thread_24.jpg,3,0,perspective_moderate,0.1,center,SUCCESS,0.8448962569236755,0.7775553464889526,1.0,
synthetic_occlusion,thread_24.jpg,3,0,perspective_moderate,0.1,bottom,SUCCESS,0.9034230709075928,0.8378493189811707,1.0,
synthetic_occlusion,thread_24.jpg,3,0,perspective_moderate,0.25,top,SUCCESS,0.7798904180526733,0.660095751285553,1.0,
synthetic_occlusion,thread_24.jpg,3,0,perspective_moderate,0.25,center,SUCCESS,0.718285858631134,0.6465975642204285,1.0,
synthetic_occlusion,thread_24.jpg,3,0,perspective_moderate,0.25,bottom,SUCCESS,0.7989217638969421,0.7037965655326843,1.0,
synthetic_occlusion,thread_24.jpg,3,0,perspective_moderate,0.5,top,SUCCESS,0.5288875102996826,0.42333221435546875,1.0,
synthetic_occlusion,thread_24.jpg,3,0,perspective_moderate,0.5,center,SUCCESS,0.48665496706962585,0.37987908720970154,1.0,
synthetic_occlusion,thread_24.jpg,3,0,perspective_moderate,0.5,bottom,SUCCESS,0.5998303294181824,0.469969779253006,1.0,
synthetic_occlusion,thread_24.jpg,3,0,perspective_moderate,0.75,top,SUCCESS,0.32113116979599,0.18581059575080872,1.0,
synthetic_occlusion,thread_24.jpg,3,0,perspective_moderate,0.75,center,SUCCESS,0.32159098982810974,0.191306471824646,1.0,
synthetic_occlusion,thread_24.jpg,3,0,perspective_moderate,0.75,bottom,SUCCESS,0.34415265917778015,0.1944500207901001,1.0,
synthetic_occlusion,thread_24.jpg,3,0,perspective_moderate,1.0,top,SUCCESS,0.1783837527036667,-6.027264680597e-05,1.0,
synthetic_occlusion,thread_24.jpg,3,0,perspective_moderate,1.0,center,SUCCESS,0.1783837527036667,-6.027264680597e-05,1.0,
synthetic_occlusion,thread_24.jpg,3,0,perspective_moderate,1.0,bottom,SUCCESS,0.1783837527036667,-6.027264680597e-05,1.0,
clean_geometry,thread_24.jpg,3,0,combined_moderate,0.0,none,SUCCESS,0.9634081721305847,0.9287940859794617,1.0,
synthetic_occlusion,thread_24.jpg,3,0,combined_moderate,0.1,top,SUCCESS,0.9467368721961975,0.8963460326194763,1.0,
synthetic_occlusion,thread_24.jpg,3,0,combined_moderate,0.1,center,SUCCESS,0.8176819682121277,0.7529718279838562,1.0,
synthetic_occlusion,thread_24.jpg,3,0,combined_moderate,0.1,bottom,SUCCESS,0.9374773502349854,0.899018406867981,1.0,
synthetic_occlusion,thread_24.jpg,3,0,combined_moderate,0.25,top,SUCCESS,0.8118218779563904,0.7241067290306091,1.0,
synthetic_occlusion,thread_24.jpg,3,0,combined_moderate,0.25,center,SUCCESS,0.6659237146377563,0.5838569402694702,1.0,
synthetic_occlusion,thread_24.jpg,3,0,combined_moderate,0.25,bottom,SUCCESS,0.8388441801071167,0.767755389213562,1.0,
synthetic_occlusion,thread_24.jpg,3,0,combined_moderate,0.5,top,SUCCESS,0.5313610434532166,0.423154354095459,1.0,
synthetic_occlusion,thread_24.jpg,3,0,combined_moderate,0.5,center,SUCCESS,0.39411237835884094,0.272950142621994,1.0,
synthetic_occlusion,thread_24.jpg,3,0,combined_moderate,0.5,bottom,SUCCESS,0.5888597965240479,0.4573862850666046,1.0,
synthetic_occlusion,thread_24.jpg,3,0,combined_moderate,0.75,top,SUCCESS,0.2839434742927551,0.1389247179031372,1.0,
synthetic_occlusion,thread_24.jpg,3,0,combined_moderate,0.75,center,SUCCESS,0.22181305289268494,0.05095050483942032,1.0,
synthetic_occlusion,thread_24.jpg,3,0,combined_moderate,0.75,bottom,SUCCESS,0.3026728332042694,0.14428067207336426,1.0,
synthetic_occlusion,thread_24.jpg,3,0,combined_moderate,1.0,top,SUCCESS,0.17707470059394836,0.0017920703394338489,1.0,
synthetic_occlusion,thread_24.jpg,3,0,combined_moderate,1.0,center,SUCCESS,0.17707470059394836,0.0017920703394338489,1.0,
synthetic_occlusion,thread_24.jpg,3,0,combined_moderate,1.0,bottom,SUCCESS,0.17707470059394836,0.0017920703394338489,1.0,
clean_geometry,thread_25.jpg,3,0,identity,0.0,none,SUCCESS,1.0,1.0,1.0,
synthetic_occlusion,thread_25.jpg,3,0,identity,0.1,top,SUCCESS,0.9433122873306274,0.8950395584106445,1.0,
synthetic_occlusion,thread_25.jpg,3,0,identity,0.1,center,SUCCESS,0.8859121203422546,0.8432231545448303,1.0,
synthetic_occlusion,thread_25.jpg,3,0,identity,0.1,bottom,SUCCESS,0.9282658100128174,0.9015225768089294,1.0,
synthetic_occlusion,thread_25.jpg,3,0,identity,0.25,top,SUCCESS,0.8016179203987122,0.7261925339698792,1.0,
synthetic_occlusion,thread_25.jpg,3,0,identity,0.25,center,SUCCESS,0.7523037195205688,0.7129104137420654,1.0,
synthetic_occlusion,thread_25.jpg,3,0,identity,0.25,bottom,SUCCESS,0.8011367321014404,0.7367175221443176,1.0,
synthetic_occlusion,thread_25.jpg,3,0,identity,0.5,top,SUCCESS,0.5614622235298157,0.4798210859298706,1.0,
synthetic_occlusion,thread_25.jpg,3,0,identity,0.5,center,SUCCESS,0.5168254375457764,0.44712623953819275,1.0,
synthetic_occlusion,thread_25.jpg,3,0,identity,0.5,bottom,SUCCESS,0.5906767249107361,0.49192312359809875,1.0,
synthetic_occlusion,thread_25.jpg,3,0,identity,0.75,top,SUCCESS,0.3413097858428955,0.23789796233177185,1.0,
synthetic_occlusion,thread_25.jpg,3,0,identity,0.75,center,SUCCESS,0.3343823552131653,0.23420774936676025,1.0,
synthetic_occlusion,thread_25.jpg,3,0,identity,0.75,bottom,SUCCESS,0.333883672952652,0.2136353850364685,1.0,
synthetic_occlusion,thread_25.jpg,3,0,identity,1.0,top,SUCCESS,0.1583680510520935,0.004406988620758057,1.0,
synthetic_occlusion,thread_25.jpg,3,0,identity,1.0,center,SUCCESS,0.1583680510520935,0.004406988620758057,1.0,
synthetic_occlusion,thread_25.jpg,3,0,identity,1.0,bottom,SUCCESS,0.1583680510520935,0.004406988620758057,1.0,
clean_geometry,thread_25.jpg,3,0,perspective_moderate,0.0,none,SUCCESS,0.9475963711738586,0.902822732925415,1.0,
synthetic_occlusion,thread_25.jpg,3,0,perspective_moderate,0.1,top,SUCCESS,0.9018036723136902,0.8257968425750732,1.0,
synthetic_occlusion,thread_25.jpg,3,0,perspective_moderate,0.1,center,SUCCESS,0.8366093039512634,0.7498037219047546,1.0,
synthetic_occlusion,thread_25.jpg,3,0,perspective_moderate,0.1,bottom,SUCCESS,0.8787639737129211,0.8117564916610718,1.0,
synthetic_occlusion,thread_25.jpg,3,0,perspective_moderate,0.25,top,SUCCESS,0.7614404559135437,0.6484346389770508,1.0,
synthetic_occlusion,thread_25.jpg,3,0,perspective_moderate,0.25,center,SUCCESS,0.7123706340789795,0.6364741921424866,1.0,
synthetic_occlusion,thread_25.jpg,3,0,perspective_moderate,0.25,bottom,SUCCESS,0.7542327642440796,0.6489407420158386,1.0,
synthetic_occlusion,thread_25.jpg,3,0,perspective_moderate,0.5,top,SUCCESS,0.5396196246147156,0.4470873475074768,1.0,
synthetic_occlusion,thread_25.jpg,3,0,perspective_moderate,0.5,center,SUCCESS,0.4869837462902069,0.3970937430858612,1.0,
synthetic_occlusion,thread_25.jpg,3,0,perspective_moderate,0.5,bottom,SUCCESS,0.5524974465370178,0.4259449541568756,1.0,
synthetic_occlusion,thread_25.jpg,3,0,perspective_moderate,0.75,top,SUCCESS,0.331114262342453,0.22588682174682617,1.0,
synthetic_occlusion,thread_25.jpg,3,0,perspective_moderate,0.75,center,SUCCESS,0.31967926025390625,0.21473842859268188,1.0,
synthetic_occlusion,thread_25.jpg,3,0,perspective_moderate,0.75,bottom,SUCCESS,0.31174975633621216,0.17978742718696594,1.0,
synthetic_occlusion,thread_25.jpg,3,0,perspective_moderate,1.0,top,SUCCESS,0.15478593111038208,0.00522110890597105,1.0,
synthetic_occlusion,thread_25.jpg,3,0,perspective_moderate,1.0,center,SUCCESS,0.15478593111038208,0.00522110890597105,1.0,
synthetic_occlusion,thread_25.jpg,3,0,perspective_moderate,1.0,bottom,SUCCESS,0.15478593111038208,0.00522110890597105,1.0,
clean_geometry,thread_25.jpg,3,0,combined_moderate,0.0,none,SUCCESS,0.9526069760322571,0.9069894552230835,1.0,
synthetic_occlusion,thread_25.jpg,3,0,combined_moderate,0.1,top,SUCCESS,0.939092218875885,0.8796092867851257,1.0,
synthetic_occlusion,thread_25.jpg,3,0,combined_moderate,0.1,center,SUCCESS,0.8349887132644653,0.7608885169029236,1.0,
synthetic_occlusion,thread_25.jpg,3,0,combined_moderate,0.1,bottom,SUCCESS,0.9346756339073181,0.8914601802825928,1.0,
synthetic_occlusion,thread_25.jpg,3,0,combined_moderate,0.25,top,SUCCESS,0.8321534991264343,0.7481688857078552,1.0,
synthetic_occlusion,thread_25.jpg,3,0,combined_moderate,0.25,center,SUCCESS,0.67571622133255,0.6007091403007507,1.0,
synthetic_occlusion,thread_25.jpg,3,0,combined_moderate,0.25,bottom,SUCCESS,0.8045368194580078,0.7385066151618958,1.0,
synthetic_occlusion,thread_25.jpg,3,0,combined_moderate,0.5,top,SUCCESS,0.5496467351913452,0.45795780420303345,1.0,
synthetic_occlusion,thread_25.jpg,3,0,combined_moderate,0.5,center,SUCCESS,0.3983538746833801,0.2961548864841461,1.0,
synthetic_occlusion,thread_25.jpg,3,0,combined_moderate,0.5,bottom,SUCCESS,0.5638553500175476,0.4568610191345215,1.0,
synthetic_occlusion,thread_25.jpg,3,0,combined_moderate,0.75,top,SUCCESS,0.2853633463382721,0.16009776294231415,1.0,
synthetic_occlusion,thread_25.jpg,3,0,combined_moderate,0.75,center,SUCCESS,0.1939396858215332,0.06968414038419724,1.0,
synthetic_occlusion,thread_25.jpg,3,0,combined_moderate,0.75,bottom,SUCCESS,0.25753533840179443,0.125265970826149,1.0,
synthetic_occlusion,thread_25.jpg,3,0,combined_moderate,1.0,top,SUCCESS,0.15014801919460297,0.0021687569096684456,1.0,
synthetic_occlusion,thread_25.jpg,3,0,combined_moderate,1.0,center,SUCCESS,0.15014801919460297,0.0021687569096684456,1.0,
synthetic_occlusion,thread_25.jpg,3,0,combined_moderate,1.0,bottom,SUCCESS,0.15014801919460297,0.0021687569096684456,1.0,
clean_geometry,thread_26.jpg,3,0,identity,0.0,none,SUCCESS,1.0,1.0,1.0,
synthetic_occlusion,thread_26.jpg,3,0,identity,0.1,top,SUCCESS,0.936762809753418,0.9030604362487793,1.0,
synthetic_occlusion,thread_26.jpg,3,0,identity,0.1,center,SUCCESS,0.8964188694953918,0.8672519326210022,1.0,
synthetic_occlusion,thread_26.jpg,3,0,identity,0.1,bottom,SUCCESS,0.9135068655014038,0.8816961050033569,1.0,
synthetic_occlusion,thread_26.jpg,3,0,identity,0.25,top,SUCCESS,0.7992413640022278,0.7401905655860901,1.0,
synthetic_occlusion,thread_26.jpg,3,0,identity,0.25,center,SUCCESS,0.7560596466064453,0.7174293398857117,1.0,
synthetic_occlusion,thread_26.jpg,3,0,identity,0.25,bottom,SUCCESS,0.7812892198562622,0.7288781404495239,1.0,
synthetic_occlusion,thread_26.jpg,3,0,identity,0.5,top,SUCCESS,0.5407706499099731,0.48206886649131775,1.0,
synthetic_occlusion,thread_26.jpg,3,0,identity,0.5,center,SUCCESS,0.5086004734039307,0.44544777274131775,1.0,
synthetic_occlusion,thread_26.jpg,3,0,identity,0.5,bottom,SUCCESS,0.5630887150764465,0.48829907178878784,1.0,
synthetic_occlusion,thread_26.jpg,3,0,identity,0.75,top,SUCCESS,0.3040168881416321,0.21644183993339539,1.0,
synthetic_occlusion,thread_26.jpg,3,0,identity,0.75,center,SUCCESS,0.300228089094162,0.21817196905612946,1.0,
synthetic_occlusion,thread_26.jpg,3,0,identity,0.75,bottom,SUCCESS,0.32850492000579834,0.23190000653266907,1.0,
synthetic_occlusion,thread_26.jpg,3,0,identity,1.0,top,SUCCESS,0.12392721325159073,0.0029205046594142914,1.0,
synthetic_occlusion,thread_26.jpg,3,0,identity,1.0,center,SUCCESS,0.12392721325159073,0.0029205046594142914,1.0,
synthetic_occlusion,thread_26.jpg,3,0,identity,1.0,bottom,SUCCESS,0.12392721325159073,0.0029205046594142914,1.0,
clean_geometry,thread_26.jpg,3,0,perspective_moderate,0.0,none,SUCCESS,0.9517644643783569,0.9067943692207336,1.0,
synthetic_occlusion,thread_26.jpg,3,0,perspective_moderate,0.1,top,SUCCESS,0.8879452347755432,0.8116083145141602,1.0,
synthetic_occlusion,thread_26.jpg,3,0,perspective_moderate,0.1,center,SUCCESS,0.8580006957054138,0.7918675541877747,1.0,
synthetic_occlusion,thread_26.jpg,3,0,perspective_moderate,0.1,bottom,SUCCESS,0.8821552395820618,0.8168607950210571,1.0,
synthetic_occlusion,thread_26.jpg,3,0,perspective_moderate,0.25,top,SUCCESS,0.7491756081581116,0.6427528262138367,1.0,
synthetic_occlusion,thread_26.jpg,3,0,perspective_moderate,0.25,center,SUCCESS,0.7237623929977417,0.6564669013023376,1.0,
synthetic_occlusion,thread_26.jpg,3,0,perspective_moderate,0.25,bottom,SUCCESS,0.754882276058197,0.6676087379455566,1.0,
synthetic_occlusion,thread_26.jpg,3,0,perspective_moderate,0.5,top,SUCCESS,0.5055851340293884,0.4208401143550873,1.0,
synthetic_occlusion,thread_26.jpg,3,0,perspective_moderate,0.5,center,SUCCESS,0.484955370426178,0.405274897813797,1.0,
synthetic_occlusion,thread_26.jpg,3,0,perspective_moderate,0.5,bottom,SUCCESS,0.5497094392776489,0.46090009808540344,1.0,
synthetic_occlusion,thread_26.jpg,3,0,perspective_moderate,0.75,top,SUCCESS,0.28195005655288696,0.18271860480308533,1.0,
synthetic_occlusion,thread_26.jpg,3,0,perspective_moderate,0.75,center,SUCCESS,0.28809139132499695,0.19587020576000214,1.0,
synthetic_occlusion,thread_26.jpg,3,0,perspective_moderate,0.75,bottom,SUCCESS,0.3237884044647217,0.22303755581378937,1.0,
synthetic_occlusion,thread_26.jpg,3,0,perspective_moderate,1.0,top,SUCCESS,0.12076781690120697,0.0004717090050689876,1.0,
synthetic_occlusion,thread_26.jpg,3,0,perspective_moderate,1.0,center,SUCCESS,0.12076781690120697,0.0004717090050689876,1.0,
synthetic_occlusion,thread_26.jpg,3,0,perspective_moderate,1.0,bottom,SUCCESS,0.12076781690120697,0.0004717090050689876,1.0,
clean_geometry,thread_26.jpg,3,0,combined_moderate,0.0,none,SUCCESS,0.959725022315979,0.9246317744255066,1.0,
synthetic_occlusion,thread_26.jpg,3,0,combined_moderate,0.1,top,SUCCESS,0.9412110447883606,0.8966311812400818,1.0,
synthetic_occlusion,thread_26.jpg,3,0,combined_moderate,0.1,center,SUCCESS,0.8450841307640076,0.7891460061073303,1.0,
synthetic_occlusion,thread_26.jpg,3,0,combined_moderate,0.1,bottom,SUCCESS,0.9332411885261536,0.893180251121521,1.0,
synthetic_occlusion,thread_26.jpg,3,0,combined_moderate,0.25,top,SUCCESS,0.8064092993736267,0.7365650534629822,1.0,
synthetic_occlusion,thread_26.jpg,3,0,combined_moderate,0.25,center,SUCCESS,0.6689509749412537,0.6012966632843018,1.0,
synthetic_occlusion,thread_26.jpg,3,0,combined_moderate,0.25,bottom,SUCCESS,0.7980360388755798,0.7371695041656494,1.0,
synthetic_occlusion,thread_26.jpg,3,0,combined_moderate,0.5,top,SUCCESS,0.5010244250297546,0.43371787667274475,1.0,
synthetic_occlusion,thread_26.jpg,3,0,combined_moderate,0.5,center,SUCCESS,0.3987842798233032,0.308810830116272,1.0,
synthetic_occlusion,thread_26.jpg,3,0,combined_moderate,0.5,bottom,SUCCESS,0.5568068027496338,0.47181761264801025,1.0,
synthetic_occlusion,thread_26.jpg,3,0,combined_moderate,0.75,top,SUCCESS,0.2443852722644806,0.14499294757843018,1.0,
synthetic_occlusion,thread_26.jpg,3,0,combined_moderate,0.75,center,SUCCESS,0.1534777581691742,0.06350832432508469,1.0,
synthetic_occlusion,thread_26.jpg,3,0,combined_moderate,0.75,bottom,SUCCESS,0.26767367124557495,0.16485139727592468,1.0,
synthetic_occlusion,thread_26.jpg,3,0,combined_moderate,1.0,top,SUCCESS,0.11326882988214493,0.0010332225356251001,1.0,
synthetic_occlusion,thread_26.jpg,3,0,combined_moderate,1.0,center,SUCCESS,0.11326882988214493,0.0010332225356251001,1.0,
synthetic_occlusion,thread_26.jpg,3,0,combined_moderate,1.0,bottom,SUCCESS,0.11326882988214493,0.0010332225356251001,1.0,
clean_geometry,thread_27.jpg,3,0,identity,0.0,none,SUCCESS,1.0,1.0,1.0,
synthetic_occlusion,thread_27.jpg,3,0,identity,0.1,top,SUCCESS,0.9143292307853699,0.894385814666748,1.0,
synthetic_occlusion,thread_27.jpg,3,0,identity,0.1,center,SUCCESS,0.8800100088119507,0.8635349869728088,1.0,
synthetic_occlusion,thread_27.jpg,3,0,identity,0.1,bottom,SUCCESS,0.9135798811912537,0.8871111273765564,1.0,
synthetic_occlusion,thread_27.jpg,3,0,identity,0.25,top,SUCCESS,0.7761542797088623,0.7351747155189514,1.0,
synthetic_occlusion,thread_27.jpg,3,0,identity,0.25,center,SUCCESS,0.733954131603241,0.6986703872680664,1.0,
synthetic_occlusion,thread_27.jpg,3,0,identity,0.25,bottom,SUCCESS,0.7936955094337463,0.7400699257850647,1.0,
synthetic_occlusion,thread_27.jpg,3,0,identity,0.5,top,SUCCESS,0.5433192849159241,0.4714994430541992,1.0,
synthetic_occlusion,thread_27.jpg,3,0,identity,0.5,center,SUCCESS,0.5169498920440674,0.4703749120235443,1.0,
synthetic_occlusion,thread_27.jpg,3,0,identity,0.5,bottom,SUCCESS,0.5542662739753723,0.48777249455451965,1.0,
synthetic_occlusion,thread_27.jpg,3,0,identity,0.75,top,SUCCESS,0.3207600712776184,0.24812766909599304,1.0,
synthetic_occlusion,thread_27.jpg,3,0,identity,0.75,center,SUCCESS,0.33271536231040955,0.2445526123046875,1.0,
synthetic_occlusion,thread_27.jpg,3,0,identity,0.75,bottom,SUCCESS,0.3463255763053894,0.24780531227588654,1.0,
synthetic_occlusion,thread_27.jpg,3,0,identity,1.0,top,SUCCESS,0.140585795044899,0.015390055254101753,1.0,
synthetic_occlusion,thread_27.jpg,3,0,identity,1.0,center,SUCCESS,0.140585795044899,0.015390055254101753,1.0,
synthetic_occlusion,thread_27.jpg,3,0,identity,1.0,bottom,SUCCESS,0.140585795044899,0.015390055254101753,1.0,
clean_geometry,thread_27.jpg,3,0,perspective_moderate,0.0,none,SUCCESS,0.9565269351005554,0.9186803698539734,1.0,
synthetic_occlusion,thread_27.jpg,3,0,perspective_moderate,0.1,top,SUCCESS,0.8721944689750671,0.8218743205070496,1.0,
synthetic_occlusion,thread_27.jpg,3,0,perspective_moderate,0.1,center,SUCCESS,0.8377805352210999,0.7814581990242004,1.0,
synthetic_occlusion,thread_27.jpg,3,0,perspective_moderate,0.1,bottom,SUCCESS,0.8807622194290161,0.8212631344795227,1.0,
synthetic_occlusion,thread_27.jpg,3,0,perspective_moderate,0.25,top,SUCCESS,0.7405639886856079,0.6710849404335022,1.0,
synthetic_occlusion,thread_27.jpg,3,0,perspective_moderate,0.25,center,SUCCESS,0.6952612400054932,0.6320105195045471,1.0,
synthetic_occlusion,thread_27.jpg,3,0,perspective_moderate,0.25,bottom,SUCCESS,0.766007661819458,0.6836302876472473,1.0,
synthetic_occlusion,thread_27.jpg,3,0,perspective_moderate,0.5,top,SUCCESS,0.523579478263855,0.4328189790248871,1.0,
synthetic_occlusion,thread_27.jpg,3,0,perspective_moderate,0.5,center,SUCCESS,0.49405190348625183,0.42448508739471436,1.0,
synthetic_occlusion,thread_27.jpg,3,0,perspective_moderate,0.5,bottom,SUCCESS,0.5362339019775391,0.45001891255378723,1.0,
synthetic_occlusion,thread_27.jpg,3,0,perspective_moderate,0.75,top,SUCCESS,0.3052555322647095,0.22085227072238922,1.0,
synthetic_occlusion,thread_27.jpg,3,0,perspective_moderate,0.75,center,SUCCESS,0.3163752555847168,0.21787437796592712,1.0,
synthetic_occlusion,thread_27.jpg,3,0,perspective_moderate,0.75,bottom,SUCCESS,0.33758240938186646,0.22747600078582764,1.0,
synthetic_occlusion,thread_27.jpg,3,0,perspective_moderate,1.0,top,SUCCESS,0.13913729786872864,0.013583250343799591,1.0,
synthetic_occlusion,thread_27.jpg,3,0,perspective_moderate,1.0,center,SUCCESS,0.13913729786872864,0.013583250343799591,1.0,
synthetic_occlusion,thread_27.jpg,3,0,perspective_moderate,1.0,bottom,SUCCESS,0.13913729786872864,0.013583250343799591,1.0,
clean_geometry,thread_27.jpg,3,0,combined_moderate,0.0,none,SUCCESS,0.9614264369010925,0.9283502697944641,1.0,
synthetic_occlusion,thread_27.jpg,3,0,combined_moderate,0.1,top,SUCCESS,0.9379952549934387,0.8927885293960571,1.0,
synthetic_occlusion,thread_27.jpg,3,0,combined_moderate,0.1,center,SUCCESS,0.8085578083992004,0.7507455945014954,1.0,
synthetic_occlusion,thread_27.jpg,3,0,combined_moderate,0.1,bottom,SUCCESS,0.9372463226318359,0.8969211578369141,1.0,
synthetic_occlusion,thread_27.jpg,3,0,combined_moderate,0.25,top,SUCCESS,0.799738347530365,0.744418740272522,1.0,
synthetic_occlusion,thread_27.jpg,3,0,combined_moderate,0.25,center,SUCCESS,0.6607599258422852,0.6030219793319702,1.0,
synthetic_occlusion,thread_27.jpg,3,0,combined_moderate,0.25,bottom,SUCCESS,0.8060188293457031,0.7375578880310059,1.0,
synthetic_occlusion,thread_27.jpg,3,0,combined_moderate,0.5,top,SUCCESS,0.5183774828910828,0.4348970651626587,1.0,
synthetic_occlusion,thread_27.jpg,3,0,combined_moderate,0.5,center,SUCCESS,0.4210418164730072,0.32427501678466797,1.0,
synthetic_occlusion,thread_27.jpg,3,0,combined_moderate,0.5,bottom,SUCCESS,0.5349740386009216,0.4506818354129791,1.0,
synthetic_occlusion,thread_27.jpg,3,0,combined_moderate,0.75,top,SUCCESS,0.27198246121406555,0.1711875945329666,1.0,
synthetic_occlusion,thread_27.jpg,3,0,combined_moderate,0.75,center,SUCCESS,0.19724838435649872,0.08534867316484451,1.0,
synthetic_occlusion,thread_27.jpg,3,0,combined_moderate,0.75,bottom,SUCCESS,0.2917560040950775,0.17379166185855865,1.0,
synthetic_occlusion,thread_27.jpg,3,0,combined_moderate,1.0,top,SUCCESS,0.1354610174894333,0.01147378608584404,1.0,
synthetic_occlusion,thread_27.jpg,3,0,combined_moderate,1.0,center,SUCCESS,0.1354610174894333,0.01147378608584404,1.0,
synthetic_occlusion,thread_27.jpg,3,0,combined_moderate,1.0,bottom,SUCCESS,0.1354610174894333,0.01147378608584404,1.0,
clean_geometry,thread_28.jpg,3,0,identity,0.0,none,SUCCESS,1.0,1.0,1.0,
synthetic_occlusion,thread_28.jpg,3,0,identity,0.1,top,SUCCESS,0.9272541999816895,0.8876636624336243,1.0,
synthetic_occlusion,thread_28.jpg,3,0,identity,0.1,center,SUCCESS,0.8746523857116699,0.8441892266273499,1.0,
synthetic_occlusion,thread_28.jpg,3,0,identity,0.1,bottom,SUCCESS,0.9050620198249817,0.872209370136261,1.0,
synthetic_occlusion,thread_28.jpg,3,0,identity,0.25,top,SUCCESS,0.8039229512214661,0.7376733422279358,1.0,
synthetic_occlusion,thread_28.jpg,3,0,identity,0.25,center,SUCCESS,0.7645918130874634,0.7038026452064514,1.0,
synthetic_occlusion,thread_28.jpg,3,0,identity,0.25,bottom,SUCCESS,0.7751452326774597,0.7253174781799316,1.0,
synthetic_occlusion,thread_28.jpg,3,0,identity,0.5,top,SUCCESS,0.6032253503799438,0.4873504340648651,1.0,
synthetic_occlusion,thread_28.jpg,3,0,identity,0.5,center,SUCCESS,0.5563099980354309,0.44615456461906433,1.0,
synthetic_occlusion,thread_28.jpg,3,0,identity,0.5,bottom,SUCCESS,0.5767598152160645,0.48219650983810425,1.0,
synthetic_occlusion,thread_28.jpg,3,0,identity,0.75,top,SUCCESS,0.38230395317077637,0.21227812767028809,1.0,
synthetic_occlusion,thread_28.jpg,3,0,identity,0.75,center,SUCCESS,0.3627859055995941,0.21221402287483215,1.0,
synthetic_occlusion,thread_28.jpg,3,0,identity,0.75,bottom,SUCCESS,0.38503298163414,0.2336614727973938,1.0,
synthetic_occlusion,thread_28.jpg,3,0,identity,1.0,top,SUCCESS,0.22138939797878265,0.011927750892937183,1.0,
synthetic_occlusion,thread_28.jpg,3,0,identity,1.0,center,SUCCESS,0.22138939797878265,0.011927750892937183,1.0,
synthetic_occlusion,thread_28.jpg,3,0,identity,1.0,bottom,SUCCESS,0.22138939797878265,0.011927750892937183,1.0,
clean_geometry,thread_28.jpg,3,0,perspective_moderate,0.0,none,SUCCESS,0.9664953351020813,0.9292850494384766,1.0,
synthetic_occlusion,thread_28.jpg,3,0,perspective_moderate,0.1,top,SUCCESS,0.9055675864219666,0.8302479386329651,1.0,
synthetic_occlusion,thread_28.jpg,3,0,perspective_moderate,0.1,center,SUCCESS,0.8477773070335388,0.7877324819564819,1.0,
synthetic_occlusion,thread_28.jpg,3,0,perspective_moderate,0.1,bottom,SUCCESS,0.879903256893158,0.8058788180351257,1.0,
synthetic_occlusion,thread_28.jpg,3,0,perspective_moderate,0.25,top,SUCCESS,0.7840128540992737,0.6875012516975403,1.0,
synthetic_occlusion,thread_28.jpg,3,0,perspective_moderate,0.25,center,SUCCESS,0.7395911812782288,0.6517167687416077,1.0,
synthetic_occlusion,thread_28.jpg,3,0,perspective_moderate,0.25,bottom,SUCCESS,0.7570158243179321,0.6792414784431458,1.0,
synthetic_occlusion,thread_28.jpg,3,0,perspective_moderate,0.5,top,SUCCESS,0.5788491368293762,0.4360159933567047,1.0,
synthetic_occlusion,thread_28.jpg,3,0,perspective_moderate,0.5,center,SUCCESS,0.5218482613563538,0.3839569389820099,1.0,
synthetic_occlusion,thread_28.jpg,3,0,perspective_moderate,0.5,bottom,SUCCESS,0.5558363199234009,0.4460313618183136,1.0,
synthetic_occlusion,thread_28.jpg,3,0,perspective_moderate,0.75,top,SUCCESS,0.367178350687027,0.1839146614074707,1.0,
synthetic_occlusion,thread_28.jpg,3,0,perspective_moderate,0.75,center,SUCCESS,0.34381258487701416,0.17690423130989075,1.0,
synthetic_occlusion,thread_28.jpg,3,0,perspective_moderate,0.75,bottom,SUCCESS,0.3677636384963989,0.20887964963912964,1.0,
synthetic_occlusion,thread_28.jpg,3,0,perspective_moderate,1.0,top,SUCCESS,0.21792832016944885,0.00944453850388527,1.0,
synthetic_occlusion,thread_28.jpg,3,0,perspective_moderate,1.0,center,SUCCESS,0.21792832016944885,0.00944453850388527,1.0,
synthetic_occlusion,thread_28.jpg,3,0,perspective_moderate,1.0,bottom,SUCCESS,0.21792832016944885,0.00944453850388527,1.0,
clean_geometry,thread_28.jpg,3,0,combined_moderate,0.0,none,SUCCESS,0.9706568121910095,0.9396474361419678,1.0,
synthetic_occlusion,thread_28.jpg,3,0,combined_moderate,0.1,top,SUCCESS,0.9576759934425354,0.9194908142089844,1.0,
synthetic_occlusion,thread_28.jpg,3,0,combined_moderate,0.1,center,SUCCESS,0.8194878101348877,0.7508782744407654,1.0,
synthetic_occlusion,thread_28.jpg,3,0,combined_moderate,0.1,bottom,SUCCESS,0.9483141899108887,0.9082685112953186,1.0,
synthetic_occlusion,thread_28.jpg,3,0,combined_moderate,0.25,top,SUCCESS,0.826187014579773,0.7631099820137024,1.0,
synthetic_occlusion,thread_28.jpg,3,0,combined_moderate,0.25,center,SUCCESS,0.682399332523346,0.5810952186584473,1.0,
synthetic_occlusion,thread_28.jpg,3,0,combined_moderate,0.25,bottom,SUCCESS,0.7994385957717896,0.7377467155456543,1.0,
synthetic_occlusion,thread_28.jpg,3,0,combined_moderate,0.5,top,SUCCESS,0.5851269364356995,0.4502708911895752,1.0,
synthetic_occlusion,thread_28.jpg,3,0,combined_moderate,0.5,center,SUCCESS,0.45516321063041687,0.2880514860153198,1.0,
synthetic_occlusion,thread_28.jpg,3,0,combined_moderate,0.5,bottom,SUCCESS,0.5493887662887573,0.44544848799705505,1.0,
synthetic_occlusion,thread_28.jpg,3,0,combined_moderate,0.75,top,SUCCESS,0.3314073383808136,0.14173954725265503,1.0,
synthetic_occlusion,thread_28.jpg,3,0,combined_moderate,0.75,center,SUCCESS,0.2631393373012543,0.06743597239255905,1.0,
synthetic_occlusion,thread_28.jpg,3,0,combined_moderate,0.75,bottom,SUCCESS,0.336757630109787,0.14687281847000122,1.0,
synthetic_occlusion,thread_28.jpg,3,0,combined_moderate,1.0,top,SUCCESS,0.2177284210920334,0.007843518629670143,1.0,
synthetic_occlusion,thread_28.jpg,3,0,combined_moderate,1.0,center,SUCCESS,0.2177284210920334,0.007843518629670143,1.0,
synthetic_occlusion,thread_28.jpg,3,0,combined_moderate,1.0,bottom,SUCCESS,0.2177284210920334,0.007843518629670143,1.0,
clean_geometry,thread_29.jpg,3,0,identity,0.0,none,SUCCESS,1.0,1.0,1.0,
synthetic_occlusion,thread_29.jpg,3,0,identity,0.1,top,SUCCESS,0.9347897171974182,0.8901243805885315,1.0,
synthetic_occlusion,thread_29.jpg,3,0,identity,0.1,center,SUCCESS,0.8870489597320557,0.8673480749130249,1.0,
synthetic_occlusion,thread_29.jpg,3,0,identity,0.1,bottom,SUCCESS,0.9287063479423523,0.8862801790237427,1.0,
synthetic_occlusion,thread_29.jpg,3,0,identity,0.25,top,SUCCESS,0.822765588760376,0.7439286112785339,1.0,
synthetic_occlusion,thread_29.jpg,3,0,identity,0.25,center,SUCCESS,0.7674413919448853,0.7048282027244568,1.0,
synthetic_occlusion,thread_29.jpg,3,0,identity,0.25,bottom,SUCCESS,0.7898525595664978,0.6903911232948303,1.0,
synthetic_occlusion,thread_29.jpg,3,0,identity,0.5,top,SUCCESS,0.6109970808029175,0.4900793433189392,1.0,
synthetic_occlusion,thread_29.jpg,3,0,identity,0.5,center,SUCCESS,0.4755188524723053,0.2611854076385498,1.0,
synthetic_occlusion,thread_29.jpg,3,0,identity,0.5,bottom,SUCCESS,0.6185373663902283,0.4804942011833191,1.0,
synthetic_occlusion,thread_29.jpg,3,0,identity,0.75,top,SUCCESS,0.40533965826034546,0.22173082828521729,1.0,
synthetic_occlusion,thread_29.jpg,3,0,identity,0.75,center,SUCCESS,0.3829950988292694,0.1912626326084137,1.0,
synthetic_occlusion,thread_29.jpg,3,0,identity,0.75,bottom,SUCCESS,0.25617894530296326,0.0014172028750181198,1.0,
synthetic_occlusion,thread_29.jpg,3,0,identity,1.0,top,FAILED,,,,query_feature_count_below_15
synthetic_occlusion,thread_29.jpg,3,0,identity,1.0,center,FAILED,,,,query_feature_count_below_15
synthetic_occlusion,thread_29.jpg,3,0,identity,1.0,bottom,FAILED,,,,query_feature_count_below_15
clean_geometry,thread_29.jpg,3,0,perspective_moderate,0.0,none,SUCCESS,0.9658645987510681,0.921216607093811,1.0,
synthetic_occlusion,thread_29.jpg,3,0,perspective_moderate,0.1,top,SUCCESS,0.9037896990776062,0.821098268032074,1.0,
synthetic_occlusion,thread_29.jpg,3,0,perspective_moderate,0.1,center,SUCCESS,0.8317010402679443,0.7274057269096375,1.0,
synthetic_occlusion,thread_29.jpg,3,0,perspective_moderate,0.1,bottom,SUCCESS,0.9072480797767639,0.8293530344963074,1.0,
synthetic_occlusion,thread_29.jpg,3,0,perspective_moderate,0.25,top,SUCCESS,0.7948825359344482,0.681919515132904,1.0,
synthetic_occlusion,thread_29.jpg,3,0,perspective_moderate,0.25,center,SUCCESS,0.73763507604599,0.6365013122558594,1.0,
synthetic_occlusion,thread_29.jpg,3,0,perspective_moderate,0.25,bottom,SUCCESS,0.7856918573379517,0.6828263401985168,1.0,
synthetic_occlusion,thread_29.jpg,3,0,perspective_moderate,0.5,top,SUCCESS,0.5911587476730347,0.44482505321502686,1.0,
synthetic_occlusion,thread_29.jpg,3,0,perspective_moderate,0.5,center,SUCCESS,0.5182939171791077,0.327248752117157,1.0,
synthetic_occlusion,thread_29.jpg,3,0,perspective_moderate,0.5,bottom,SUCCESS,0.6105871796607971,0.4467054307460785,1.0,
synthetic_occlusion,thread_29.jpg,3,0,perspective_moderate,0.75,top,SUCCESS,0.39392492175102234,0.19503457844257355,1.0,
synthetic_occlusion,thread_29.jpg,3,0,perspective_moderate,0.75,center,SUCCESS,0.36594557762145996,0.1456993669271469,1.0,
synthetic_occlusion,thread_29.jpg,3,0,perspective_moderate,0.75,bottom,SUCCESS,0.33038368821144104,0.057002581655979156,1.0,
synthetic_occlusion,thread_29.jpg,3,0,perspective_moderate,1.0,top,FAILED,,,,query_feature_count_below_15
synthetic_occlusion,thread_29.jpg,3,0,perspective_moderate,1.0,center,FAILED,,,,query_feature_count_below_15
synthetic_occlusion,thread_29.jpg,3,0,perspective_moderate,1.0,bottom,FAILED,,,,query_feature_count_below_15
clean_geometry,thread_29.jpg,3,0,combined_moderate,0.0,none,SUCCESS,0.9520288705825806,0.8866521120071411,1.0,
synthetic_occlusion,thread_29.jpg,3,0,combined_moderate,0.1,top,SUCCESS,0.9332957863807678,0.8476102948188782,1.0,
synthetic_occlusion,thread_29.jpg,3,0,combined_moderate,0.1,center,SUCCESS,0.8046179413795471,0.6780883073806763,1.0,
synthetic_occlusion,thread_29.jpg,3,0,combined_moderate,0.1,bottom,SUCCESS,0.9229350090026855,0.8093282580375671,1.0,
synthetic_occlusion,thread_29.jpg,3,0,combined_moderate,0.25,top,SUCCESS,0.8202691078186035,0.6936752796173096,1.0,
synthetic_occlusion,thread_29.jpg,3,0,combined_moderate,0.25,center,SUCCESS,0.6699017882347107,0.5299417972564697,1.0,
synthetic_occlusion,thread_29.jpg,3,0,combined_moderate,0.25,bottom,SUCCESS,0.7408667802810669,0.5508719682693481,1.0,
synthetic_occlusion,thread_29.jpg,3,0,combined_moderate,0.5,top,SUCCESS,0.583776593208313,0.4028557538986206,1.0,
synthetic_occlusion,thread_29.jpg,3,0,combined_moderate,0.5,center,FAILED,,,,good_match_count_below_10
synthetic_occlusion,thread_29.jpg,3,0,combined_moderate,0.5,bottom,SUCCESS,0.5857492685317993,0.40155917406082153,1.0,
synthetic_occlusion,thread_29.jpg,3,0,combined_moderate,0.75,top,FAILED,,,,good_match_count_below_10
synthetic_occlusion,thread_29.jpg,3,0,combined_moderate,0.75,center,FAILED,,,,query_feature_count_below_15
synthetic_occlusion,thread_29.jpg,3,0,combined_moderate,0.75,bottom,FAILED,,,,good_match_count_below_10
synthetic_occlusion,thread_29.jpg,3,0,combined_moderate,1.0,top,FAILED,,,,query_feature_count_below_15
synthetic_occlusion,thread_29.jpg,3,0,combined_moderate,1.0,center,FAILED,,,,query_feature_count_below_15
synthetic_occlusion,thread_29.jpg,3,0,combined_moderate,1.0,bottom,FAILED,,,,query_feature_count_below_15
clean_geometry,thread_30.jpg,3,0,identity,0.0,none,SUCCESS,1.0,1.0,1.0,
synthetic_occlusion,thread_30.jpg,3,0,identity,0.1,top,SUCCESS,0.9168364405632019,0.8800325989723206,1.0,
synthetic_occlusion,thread_30.jpg,3,0,identity,0.1,center,SUCCESS,0.8835555911064148,0.8496849536895752,1.0,
synthetic_occlusion,thread_30.jpg,3,0,identity,0.1,bottom,SUCCESS,0.9140967726707458,0.8734816312789917,1.0,
synthetic_occlusion,thread_30.jpg,3,0,identity,0.25,top,SUCCESS,0.7817925214767456,0.7255778312683105,1.0,
synthetic_occlusion,thread_30.jpg,3,0,identity,0.25,center,SUCCESS,0.76218181848526,0.6978726387023926,1.0,
synthetic_occlusion,thread_30.jpg,3,0,identity,0.25,bottom,SUCCESS,0.7986356616020203,0.7191689610481262,1.0,
synthetic_occlusion,thread_30.jpg,3,0,identity,0.5,top,SUCCESS,0.5767754316329956,0.4757016897201538,1.0,
synthetic_occlusion,thread_30.jpg,3,0,identity,0.5,center,SUCCESS,0.5845298171043396,0.453058123588562,1.0,
synthetic_occlusion,thread_30.jpg,3,0,identity,0.5,bottom,SUCCESS,0.6180580854415894,0.47222599387168884,1.0,
synthetic_occlusion,thread_30.jpg,3,0,identity,0.75,top,SUCCESS,0.40622037649154663,0.23059479892253876,1.0,
synthetic_occlusion,thread_30.jpg,3,0,identity,0.75,center,SUCCESS,0.4094991385936737,0.22019030153751373,1.0,
synthetic_occlusion,thread_30.jpg,3,0,identity,0.75,bottom,SUCCESS,0.4162016808986664,0.21685732901096344,1.0,
synthetic_occlusion,thread_30.jpg,3,0,identity,1.0,top,SUCCESS,0.2373282015323639,-0.005819158162921667,1.0,
synthetic_occlusion,thread_30.jpg,3,0,identity,1.0,center,SUCCESS,0.2373282015323639,-0.005819158162921667,1.0,
synthetic_occlusion,thread_30.jpg,3,0,identity,1.0,bottom,SUCCESS,0.2373282015323639,-0.005819158162921667,1.0,
clean_geometry,thread_30.jpg,3,0,perspective_moderate,0.0,none,SUCCESS,0.9766252636909485,0.9558241963386536,1.0,
synthetic_occlusion,thread_30.jpg,3,0,perspective_moderate,0.1,top,SUCCESS,0.9026989936828613,0.8456932306289673,1.0,
synthetic_occlusion,thread_30.jpg,3,0,perspective_moderate,0.1,center,SUCCESS,0.8637447357177734,0.8079658150672913,1.0,
synthetic_occlusion,thread_30.jpg,3,0,perspective_moderate,0.1,bottom,SUCCESS,0.8973564505577087,0.8322430849075317,1.0,
synthetic_occlusion,thread_30.jpg,3,0,perspective_moderate,0.25,top,SUCCESS,0.7687748670578003,0.6999335885047913,1.0,
synthetic_occlusion,thread_30.jpg,3,0,perspective_moderate,0.25,center,SUCCESS,0.7449914216995239,0.6686563491821289,1.0,
synthetic_occlusion,thread_30.jpg,3,0,perspective_moderate,0.25,bottom,SUCCESS,0.7907456159591675,0.7018406987190247,1.0,
synthetic_occlusion,thread_30.jpg,3,0,perspective_moderate,0.5,top,SUCCESS,0.5669496655464172,0.45653560757637024,1.0,
synthetic_occlusion,thread_30.jpg,3,0,perspective_moderate,0.5,center,SUCCESS,0.5703823566436768,0.42593586444854736,1.0,
synthetic_occlusion,thread_30.jpg,3,0,perspective_moderate,0.5,bottom,SUCCESS,0.6130282282829285,0.46898332238197327,1.0,
synthetic_occlusion,thread_30.jpg,3,0,perspective_moderate,0.75,top,SUCCESS,0.3923931419849396,0.21043197810649872,1.0,
synthetic_occlusion,thread_30.jpg,3,0,perspective_moderate,0.75,center,SUCCESS,0.3867577910423279,0.19057074189186096,1.0,
synthetic_occlusion,thread_30.jpg,3,0,perspective_moderate,0.75,bottom,SUCCESS,0.4052242636680603,0.202388733625412,1.0,
synthetic_occlusion,thread_30.jpg,3,0,perspective_moderate,1.0,top,SUCCESS,0.23580290377140045,-0.0027389866299927235,1.0,
synthetic_occlusion,thread_30.jpg,3,0,perspective_moderate,1.0,center,SUCCESS,0.23580290377140045,-0.0027389866299927235,1.0,
synthetic_occlusion,thread_30.jpg,3,0,perspective_moderate,1.0,bottom,SUCCESS,0.23580290377140045,-0.0027389866299927235,1.0,
clean_geometry,thread_30.jpg,3,0,combined_moderate,0.0,none,SUCCESS,0.9667182564735413,0.9367104768753052,1.0,
synthetic_occlusion,thread_30.jpg,3,0,combined_moderate,0.1,top,SUCCESS,0.9598019123077393,0.9187146425247192,1.0,
synthetic_occlusion,thread_30.jpg,3,0,combined_moderate,0.1,center,SUCCESS,0.8132233619689941,0.7524265050888062,1.0,
synthetic_occlusion,thread_30.jpg,3,0,combined_moderate,0.1,bottom,SUCCESS,0.9399320483207703,0.9025084376335144,1.0,
synthetic_occlusion,thread_30.jpg,3,0,combined_moderate,0.25,top,SUCCESS,0.8185900449752808,0.7529964447021484,1.0,
synthetic_occlusion,thread_30.jpg,3,0,combined_moderate,0.25,center,SUCCESS,0.6947667002677917,0.5994798541069031,1.0,
synthetic_occlusion,thread_30.jpg,3,0,combined_moderate,0.25,bottom,SUCCESS,0.8325509428977966,0.7581489086151123,1.0,
synthetic_occlusion,thread_30.jpg,3,0,combined_moderate,0.5,top,SUCCESS,0.5533803105354309,0.43517088890075684,1.0,
synthetic_occlusion,thread_30.jpg,3,0,combined_moderate,0.5,center,SUCCESS,0.4553361237049103,0.2873725891113281,1.0,
synthetic_occlusion,thread_30.jpg,3,0,combined_moderate,0.5,bottom,SUCCESS,0.5996074676513672,0.44360455870628357,1.0,
synthetic_occlusion,thread_30.jpg,3,0,combined_moderate,0.75,top,SUCCESS,0.34797078371047974,0.14786827564239502,1.0,
synthetic_occlusion,thread_30.jpg,3,0,combined_moderate,0.75,center,SUCCESS,0.29481610655784607,0.06673119217157364,1.0,
synthetic_occlusion,thread_30.jpg,3,0,combined_moderate,0.75,bottom,SUCCESS,0.3331373929977417,0.12435021996498108,1.0,
synthetic_occlusion,thread_30.jpg,3,0,combined_moderate,1.0,top,SUCCESS,0.23318757116794586,8.376122423214838e-05,1.0,
synthetic_occlusion,thread_30.jpg,3,0,combined_moderate,1.0,center,SUCCESS,0.23318757116794586,8.376122423214838e-05,1.0,
synthetic_occlusion,thread_30.jpg,3,0,combined_moderate,1.0,bottom,SUCCESS,0.23318757116794586,8.376122423214838e-05,1.0,
clean_geometry,thread_31.jpg,3,0,identity,0.0,none,SUCCESS,1.0,1.0,1.0,
synthetic_occlusion,thread_31.jpg,3,0,identity,0.1,top,SUCCESS,0.9277701377868652,0.9009349942207336,1.0,
synthetic_occlusion,thread_31.jpg,3,0,identity,0.1,center,SUCCESS,0.8616214990615845,0.850770890712738,1.0,
synthetic_occlusion,thread_31.jpg,3,0,identity,0.1,bottom,SUCCESS,0.9484544396400452,0.9232526421546936,1.0,
synthetic_occlusion,thread_31.jpg,3,0,identity,0.25,top,SUCCESS,0.825394868850708,0.7627606987953186,1.0,
synthetic_occlusion,thread_31.jpg,3,0,identity,0.25,center,SUCCESS,0.7471346855163574,0.7133632302284241,1.0,
synthetic_occlusion,thread_31.jpg,3,0,identity,0.25,bottom,SUCCESS,0.8247669339179993,0.7661116719245911,1.0,
synthetic_occlusion,thread_31.jpg,3,0,identity,0.5,top,SUCCESS,0.6230555176734924,0.5145414471626282,1.0,
synthetic_occlusion,thread_31.jpg,3,0,identity,0.5,center,SUCCESS,0.573228657245636,0.47519537806510925,1.0,
synthetic_occlusion,thread_31.jpg,3,0,identity,0.5,bottom,SUCCESS,0.6240355372428894,0.5148177146911621,1.0,
synthetic_occlusion,thread_31.jpg,3,0,identity,0.75,top,SUCCESS,0.4285219609737396,0.2628273069858551,1.0,
synthetic_occlusion,thread_31.jpg,3,0,identity,0.75,center,SUCCESS,0.4083242118358612,0.2552349865436554,1.0,
synthetic_occlusion,thread_31.jpg,3,0,identity,0.75,bottom,SUCCESS,0.4373129904270172,0.2687642574310303,1.0,
synthetic_occlusion,thread_31.jpg,3,0,identity,1.0,top,SUCCESS,0.29885178804397583,0.0639694333076477,1.0,
synthetic_occlusion,thread_31.jpg,3,0,identity,1.0,center,SUCCESS,0.29885178804397583,0.0639694333076477,1.0,
synthetic_occlusion,thread_31.jpg,3,0,identity,1.0,bottom,SUCCESS,0.29885178804397583,0.0639694333076477,1.0,
clean_geometry,thread_31.jpg,3,0,perspective_moderate,0.0,none,SUCCESS,0.9578099250793457,0.9126842617988586,1.0,
synthetic_occlusion,thread_31.jpg,3,0,perspective_moderate,0.1,top,SUCCESS,0.8862834572792053,0.8117363452911377,1.0,
synthetic_occlusion,thread_31.jpg,3,0,perspective_moderate,0.1,center,SUCCESS,0.8174771070480347,0.7424468398094177,1.0,
synthetic_occlusion,thread_31.jpg,3,0,perspective_moderate,0.1,bottom,SUCCESS,0.90870600938797,0.8417759537696838,1.0,
synthetic_occlusion,thread_31.jpg,3,0,perspective_moderate,0.25,top,SUCCESS,0.7906225323677063,0.6881374716758728,1.0,
synthetic_occlusion,thread_31.jpg,3,0,perspective_moderate,0.25,center,SUCCESS,0.7159780859947205,0.6426429748535156,1.0,
synthetic_occlusion,thread_31.jpg,3,0,perspective_moderate,0.25,bottom,SUCCESS,0.788357138633728,0.6935920119285583,1.0,
synthetic_occlusion,thread_31.jpg,3,0,perspective_moderate,0.5,top,SUCCESS,0.6011437773704529,0.46732985973358154,1.0,
synthetic_occlusion,thread_31.jpg,3,0,perspective_moderate,0.5,center,SUCCESS,0.5504929423332214,0.43107718229293823,1.0,
synthetic_occlusion,thread_31.jpg,3,0,perspective_moderate,0.5,bottom,SUCCESS,0.5926102995872498,0.45892757177352905,1.0,
synthetic_occlusion,thread_31.jpg,3,0,perspective_moderate,0.75,top,SUCCESS,0.42483240365982056,0.24939614534378052,1.0,
synthetic_occlusion,thread_31.jpg,3,0,perspective_moderate,0.75,center,SUCCESS,0.4067787528038025,0.24212001264095306,1.0,
synthetic_occlusion,thread_31.jpg,3,0,perspective_moderate,0.75,bottom,SUCCESS,0.43063151836395264,0.25246790051460266,1.0,
synthetic_occlusion,thread_31.jpg,3,0,perspective_moderate,1.0,top,SUCCESS,0.29880204796791077,0.06361626833677292,1.0,
synthetic_occlusion,thread_31.jpg,3,0,perspective_moderate,1.0,center,SUCCESS,0.29880204796791077,0.06361626833677292,1.0,
synthetic_occlusion,thread_31.jpg,3,0,perspective_moderate,1.0,bottom,SUCCESS,0.29880204796791077,0.06361626833677292,1.0,
clean_geometry,thread_31.jpg,3,0,combined_moderate,0.0,none,SUCCESS,0.9613466262817383,0.9166010022163391,1.0,
synthetic_occlusion,thread_31.jpg,3,0,combined_moderate,0.1,top,SUCCESS,0.9481387138366699,0.8909719586372375,1.0,
synthetic_occlusion,thread_31.jpg,3,0,combined_moderate,0.1,center,SUCCESS,0.8124199509620667,0.7488903999328613,1.0,
synthetic_occlusion,thread_31.jpg,3,0,combined_moderate,0.1,bottom,SUCCESS,0.9506579041481018,0.8852037787437439,1.0,
synthetic_occlusion,thread_31.jpg,3,0,combined_moderate,0.25,top,SUCCESS,0.8336670994758606,0.7459403276443481,1.0,
synthetic_occlusion,thread_31.jpg,3,0,combined_moderate,0.25,center,SUCCESS,0.6854707598686218,0.5785655975341797,1.0,
synthetic_occlusion,thread_31.jpg,3,0,combined_moderate,0.25,bottom,SUCCESS,0.8305837512016296,0.7488455176353455,1.0,
synthetic_occlusion,thread_31.jpg,3,0,combined_moderate,0.5,top,SUCCESS,0.6061437726020813,0.4661432206630707,1.0,
synthetic_occlusion,thread_31.jpg,3,0,combined_moderate,0.5,center,SUCCESS,0.36570602655410767,0.10606416314840317,1.0,
synthetic_occlusion,thread_31.jpg,3,0,combined_moderate,0.5,bottom,SUCCESS,0.5969769358634949,0.45783284306526184,1.0,
synthetic_occlusion,thread_31.jpg,3,0,combined_moderate,0.75,top,SUCCESS,0.34322988986968994,0.08083389699459076,1.0,
synthetic_occlusion,thread_31.jpg,3,0,combined_moderate,0.75,center,SUCCESS,0.28958913683891296,0.05898333340883255,1.0,
synthetic_occlusion,thread_31.jpg,3,0,combined_moderate,0.75,bottom,SUCCESS,0.3186871111392975,0.07765299826860428,1.0,
synthetic_occlusion,thread_31.jpg,3,0,combined_moderate,1.0,top,SUCCESS,0.2967871129512787,0.05465591326355934,1.0,
synthetic_occlusion,thread_31.jpg,3,0,combined_moderate,1.0,center,SUCCESS,0.2967871129512787,0.05465591326355934,1.0,
synthetic_occlusion,thread_31.jpg,3,0,combined_moderate,1.0,bottom,SUCCESS,0.2967871129512787,0.05465591326355934,1.0,
clean_geometry,thread_32.jpg,3,0,identity,0.0,none,SUCCESS,1.0,1.0,1.0,
synthetic_occlusion,thread_32.jpg,3,0,identity,0.1,top,SUCCESS,0.9317635297775269,0.8837291598320007,1.0,
synthetic_occlusion,thread_32.jpg,3,0,identity,0.1,center,SUCCESS,0.8610541820526123,0.8477965593338013,1.0,
synthetic_occlusion,thread_32.jpg,3,0,identity,0.1,bottom,SUCCESS,0.9288138151168823,0.8860970735549927,1.0,
synthetic_occlusion,thread_32.jpg,3,0,identity,0.25,top,SUCCESS,0.8046582937240601,0.7353732585906982,1.0,
synthetic_occlusion,thread_32.jpg,3,0,identity,0.25,center,SUCCESS,0.7488279342651367,0.7071996331214905,1.0,
synthetic_occlusion,thread_32.jpg,3,0,identity,0.25,bottom,SUCCESS,0.7966909408569336,0.7313309907913208,1.0,
synthetic_occlusion,thread_32.jpg,3,0,identity,0.5,top,SUCCESS,0.5806176066398621,0.47371527552604675,1.0,
synthetic_occlusion,thread_32.jpg,3,0,identity,0.5,center,SUCCESS,0.5584893226623535,0.4620771110057831,1.0,
synthetic_occlusion,thread_32.jpg,3,0,identity,0.5,bottom,SUCCESS,0.5849738717079163,0.4767008423805237,1.0,
synthetic_occlusion,thread_32.jpg,3,0,identity,0.75,top,SUCCESS,0.39314115047454834,0.23391468822956085,1.0,
synthetic_occlusion,thread_32.jpg,3,0,identity,0.75,center,SUCCESS,0.3832608759403229,0.23133978247642517,1.0,
synthetic_occlusion,thread_32.jpg,3,0,identity,0.75,bottom,SUCCESS,0.403152197599411,0.23954403400421143,1.0,
synthetic_occlusion,thread_32.jpg,3,0,identity,1.0,top,SUCCESS,0.23040445148944855,0.0020318138413131237,1.0,
synthetic_occlusion,thread_32.jpg,3,0,identity,1.0,center,SUCCESS,0.23040445148944855,0.0020318138413131237,1.0,
synthetic_occlusion,thread_32.jpg,3,0,identity,1.0,bottom,SUCCESS,0.23040445148944855,0.0020318138413131237,1.0,
clean_geometry,thread_32.jpg,3,0,perspective_moderate,0.0,none,SUCCESS,0.9684523344039917,0.9290878772735596,1.0,
synthetic_occlusion,thread_32.jpg,3,0,perspective_moderate,0.1,top,SUCCESS,0.9138842225074768,0.8349263668060303,1.0,
synthetic_occlusion,thread_32.jpg,3,0,perspective_moderate,0.1,center,SUCCESS,0.835647463798523,0.7843068242073059,1.0,
synthetic_occlusion,thread_32.jpg,3,0,perspective_moderate,0.1,bottom,SUCCESS,0.9028666615486145,0.8275846242904663,1.0,
synthetic_occlusion,thread_32.jpg,3,0,perspective_moderate,0.25,top,SUCCESS,0.7824928760528564,0.6786314845085144,1.0,
synthetic_occlusion,thread_32.jpg,3,0,perspective_moderate,0.25,center,SUCCESS,0.7228167057037354,0.6530059576034546,1.0,
synthetic_occlusion,thread_32.jpg,3,0,perspective_moderate,0.25,bottom,SUCCESS,0.7737078666687012,0.6796867251396179,1.0,
synthetic_occlusion,thread_32.jpg,3,0,perspective_moderate,0.5,top,SUCCESS,0.5693389773368835,0.4438078999519348,1.0,
synthetic_occlusion,thread_32.jpg,3,0,perspective_moderate,0.5,center,SUCCESS,0.5391351580619812,0.41673076152801514,1.0,
synthetic_occlusion,thread_32.jpg,3,0,perspective_moderate,0.5,bottom,SUCCESS,0.5658180117607117,0.43886926770210266,1.0,
synthetic_occlusion,thread_32.jpg,3,0,perspective_moderate,0.75,top,SUCCESS,0.3843611478805542,0.21599280834197998,1.0,
synthetic_occlusion,thread_32.jpg,3,0,perspective_moderate,0.75,center,SUCCESS,0.3708041310310364,0.20106905698776245,1.0,
synthetic_occlusion,thread_32.jpg,3,0,perspective_moderate,0.75,bottom,SUCCESS,0.39244312047958374,0.21787871420383453,1.0,
synthetic_occlusion,thread_32.jpg,3,0,perspective_moderate,1.0,top,SUCCESS,0.2288958579301834,0.0022073115687817335,1.0,
synthetic_occlusion,thread_32.jpg,3,0,perspective_moderate,1.0,center,SUCCESS,0.2288958579301834,0.0022073115687817335,1.0,
synthetic_occlusion,thread_32.jpg,3,0,perspective_moderate,1.0,bottom,SUCCESS,0.2288958579301834,0.0022073115687817335,1.0,
clean_geometry,thread_32.jpg,3,0,combined_moderate,0.0,none,SUCCESS,0.9679428339004517,0.934206485748291,1.0,
synthetic_occlusion,thread_32.jpg,3,0,combined_moderate,0.1,top,SUCCESS,0.9541774392127991,0.9060492515563965,1.0,
synthetic_occlusion,thread_32.jpg,3,0,combined_moderate,0.1,center,SUCCESS,0.8192759156227112,0.7627328038215637,1.0,
synthetic_occlusion,thread_32.jpg,3,0,combined_moderate,0.1,bottom,SUCCESS,0.9552614092826843,0.8992788195610046,1.0,
synthetic_occlusion,thread_32.jpg,3,0,combined_moderate,0.25,top,SUCCESS,0.8316572904586792,0.7538115382194519,1.0,
synthetic_occlusion,thread_32.jpg,3,0,combined_moderate,0.25,center,SUCCESS,0.6691622734069824,0.5536422729492188,1.0,
synthetic_occlusion,thread_32.jpg,3,0,combined_moderate,0.25,bottom,SUCCESS,0.808779239654541,0.7133637070655823,1.0,
synthetic_occlusion,thread_32.jpg,3,0,combined_moderate,0.5,top,SUCCESS,0.5763304233551025,0.44554778933525085,1.0,
synthetic_occlusion,thread_32.jpg,3,0,combined_moderate,0.5,center,SUCCESS,0.4685410261154175,0.31416094303131104,1.0,
synthetic_occlusion,thread_32.jpg,3,0,combined_moderate,0.5,bottom,SUCCESS,0.5681563019752502,0.4379998445510864,1.0,
synthetic_occlusion,thread_32.jpg,3,0,combined_moderate,0.75,top,SUCCESS,0.3422854542732239,0.14639844000339508,1.0,
synthetic_occlusion,thread_32.jpg,3,0,combined_moderate,0.75,center,SUCCESS,0.2729759216308594,0.07002025842666626,1.0,
synthetic_occlusion,thread_32.jpg,3,0,combined_moderate,0.75,bottom,SUCCESS,0.3507571816444397,0.15437184274196625,1.0,
synthetic_occlusion,thread_32.jpg,3,0,combined_moderate,1.0,top,SUCCESS,0.2308475375175476,0.0016925211530178785,1.0,
synthetic_occlusion,thread_32.jpg,3,0,combined_moderate,1.0,center,SUCCESS,0.2308475375175476,0.0016925211530178785,1.0,
synthetic_occlusion,thread_32.jpg,3,0,combined_moderate,1.0,bottom,SUCCESS,0.2308475375175476,0.0016925211530178785,1.0,
clean_geometry,thread_33.jpg,3,0,identity,0.0,none,SUCCESS,1.0,1.0,1.0,
synthetic_occlusion,thread_33.jpg,3,0,identity,0.1,top,SUCCESS,0.9060578942298889,0.8717337846755981,1.0,
synthetic_occlusion,thread_33.jpg,3,0,identity,0.1,center,SUCCESS,0.8819057941436768,0.8478583097457886,1.0,
synthetic_occlusion,thread_33.jpg,3,0,identity,0.1,bottom,SUCCESS,0.9161739349365234,0.8768755197525024,1.0,
synthetic_occlusion,thread_33.jpg,3,0,identity,0.25,top,SUCCESS,0.7758315205574036,0.7316666841506958,1.0,
synthetic_occlusion,thread_33.jpg,3,0,identity,0.25,center,SUCCESS,0.7645710706710815,0.7057405114173889,1.0,
synthetic_occlusion,thread_33.jpg,3,0,identity,0.25,bottom,SUCCESS,0.7854869365692139,0.7338442802429199,1.0,
synthetic_occlusion,thread_33.jpg,3,0,identity,0.5,top,SUCCESS,0.556736946105957,0.47894811630249023,1.0,
synthetic_occlusion,thread_33.jpg,3,0,identity,0.5,center,SUCCESS,0.5613164305686951,0.468315452337265,1.0,
synthetic_occlusion,thread_33.jpg,3,0,identity,0.5,bottom,SUCCESS,0.5875540375709534,0.48197871446609497,1.0,
synthetic_occlusion,thread_33.jpg,3,0,identity,0.75,top,SUCCESS,0.35914015769958496,0.2369258850812912,1.0,
synthetic_occlusion,thread_33.jpg,3,0,identity,0.75,center,SUCCESS,0.34495505690574646,0.2207372486591339,1.0,
synthetic_occlusion,thread_33.jpg,3,0,identity,0.75,bottom,SUCCESS,0.36370986700057983,0.23237992823123932,1.0,
synthetic_occlusion,thread_33.jpg,3,0,identity,1.0,top,SUCCESS,0.16153362393379211,0.0009903766913339496,1.0,
synthetic_occlusion,thread_33.jpg,3,0,identity,1.0,center,SUCCESS,0.16153362393379211,0.0009903766913339496,1.0,
synthetic_occlusion,thread_33.jpg,3,0,identity,1.0,bottom,SUCCESS,0.16153362393379211,0.0009903766913339496,1.0,
clean_geometry,thread_33.jpg,3,0,perspective_moderate,0.0,none,SUCCESS,0.9520367980003357,0.9117656946182251,1.0,
synthetic_occlusion,thread_33.jpg,3,0,perspective_moderate,0.1,top,SUCCESS,0.8684841990470886,0.7857832908630371,1.0,
synthetic_occlusion,thread_33.jpg,3,0,perspective_moderate,0.1,center,SUCCESS,0.8350196480751038,0.7681077718734741,1.0,
synthetic_occlusion,thread_33.jpg,3,0,perspective_moderate,0.1,bottom,SUCCESS,0.8686182498931885,0.7887816429138184,1.0,
synthetic_occlusion,thread_33.jpg,3,0,perspective_moderate,0.25,top,SUCCESS,0.7439218163490295,0.6730378270149231,1.0,
synthetic_occlusion,thread_33.jpg,3,0,perspective_moderate,0.25,center,SUCCESS,0.7225478291511536,0.6341642737388611,1.0,
synthetic_occlusion,thread_33.jpg,3,0,perspective_moderate,0.25,bottom,SUCCESS,0.743656575679779,0.6606868505477905,1.0,
synthetic_occlusion,thread_33.jpg,3,0,perspective_moderate,0.5,top,SUCCESS,0.5318641066551208,0.43683838844299316,1.0,
synthetic_occlusion,thread_33.jpg,3,0,perspective_moderate,0.5,center,SUCCESS,0.5351125001907349,0.42465469241142273,1.0,
synthetic_occlusion,thread_33.jpg,3,0,perspective_moderate,0.5,bottom,SUCCESS,0.5533013939857483,0.4253167510032654,1.0,
synthetic_occlusion,thread_33.jpg,3,0,perspective_moderate,0.75,top,SUCCESS,0.3577866554260254,0.22917728126049042,1.0,
synthetic_occlusion,thread_33.jpg,3,0,perspective_moderate,0.75,center,SUCCESS,0.33185267448425293,0.19673289358615875,1.0,
synthetic_occlusion,thread_33.jpg,3,0,perspective_moderate,0.75,bottom,SUCCESS,0.349220871925354,0.20381145179271698,1.0,
synthetic_occlusion,thread_33.jpg,3,0,perspective_moderate,1.0,top,SUCCESS,0.16255667805671692,-0.0018086463678628206,1.0,
synthetic_occlusion,thread_33.jpg,3,0,perspective_moderate,1.0,center,SUCCESS,0.16255667805671692,-0.0018086463678628206,1.0,
synthetic_occlusion,thread_33.jpg,3,0,perspective_moderate,1.0,bottom,SUCCESS,0.16255667805671692,-0.0018086463678628206,1.0,
clean_geometry,thread_33.jpg,3,0,combined_moderate,0.0,none,SUCCESS,0.963360607624054,0.9319754242897034,1.0,
synthetic_occlusion,thread_33.jpg,3,0,combined_moderate,0.1,top,SUCCESS,0.9544066786766052,0.9112567901611328,1.0,
synthetic_occlusion,thread_33.jpg,3,0,combined_moderate,0.1,center,SUCCESS,0.8343507051467896,0.7650668621063232,1.0,
synthetic_occlusion,thread_33.jpg,3,0,combined_moderate,0.1,bottom,SUCCESS,0.9314506649971008,0.89289391040802,1.0,
synthetic_occlusion,thread_33.jpg,3,0,combined_moderate,0.25,top,SUCCESS,0.8083425164222717,0.7522552609443665,1.0,
synthetic_occlusion,thread_33.jpg,3,0,combined_moderate,0.25,center,SUCCESS,0.6918497085571289,0.5963850617408752,1.0,
synthetic_occlusion,thread_33.jpg,3,0,combined_moderate,0.25,bottom,SUCCESS,0.7949199676513672,0.727867841720581,1.0,
synthetic_occlusion,thread_33.jpg,3,0,combined_moderate,0.5,top,SUCCESS,0.5312549471855164,0.4494895040988922,1.0,
synthetic_occlusion,thread_33.jpg,3,0,combined_moderate,0.5,center,SUCCESS,0.4131767749786377,0.2833291292190552,1.0,
synthetic_occlusion,thread_33.jpg,3,0,combined_moderate,0.5,bottom,SUCCESS,0.5516124963760376,0.43840116262435913,1.0,
synthetic_occlusion,thread_33.jpg,3,0,combined_moderate,0.75,top,SUCCESS,0.2995496988296509,0.16358111798763275,1.0,
synthetic_occlusion,thread_33.jpg,3,0,combined_moderate,0.75,center,SUCCESS,0.22102223336696625,0.07325778901576996,1.0,
synthetic_occlusion,thread_33.jpg,3,0,combined_moderate,0.75,bottom,SUCCESS,0.2812400460243225,0.131555438041687,1.0,
synthetic_occlusion,thread_33.jpg,3,0,combined_moderate,1.0,top,SUCCESS,0.15547379851341248,-8.458955562673509e-06,1.0,
synthetic_occlusion,thread_33.jpg,3,0,combined_moderate,1.0,center,SUCCESS,0.15547379851341248,-8.458955562673509e-06,1.0,
synthetic_occlusion,thread_33.jpg,3,0,combined_moderate,1.0,bottom,SUCCESS,0.15547379851341248,-8.458955562673509e-06,1.0,
clean_geometry,thread_34.jpg,3,0,identity,0.0,none,SUCCESS,1.0,1.0,1.0,
synthetic_occlusion,thread_34.jpg,3,0,identity,0.1,top,SUCCESS,0.9509685039520264,0.9067856669425964,1.0,
synthetic_occlusion,thread_34.jpg,3,0,identity,0.1,center,SUCCESS,0.8799644112586975,0.8554447889328003,1.0,
synthetic_occlusion,thread_34.jpg,3,0,identity,0.1,bottom,SUCCESS,0.9308716058731079,0.8950322866439819,1.0,
synthetic_occlusion,thread_34.jpg,3,0,identity,0.25,top,SUCCESS,0.8219740390777588,0.7434881329536438,1.0,
synthetic_occlusion,thread_34.jpg,3,0,identity,0.25,center,SUCCESS,0.7648302912712097,0.7172824740409851,1.0,
synthetic_occlusion,thread_34.jpg,3,0,identity,0.25,bottom,SUCCESS,0.8045234084129333,0.7434442639350891,1.0,
synthetic_occlusion,thread_34.jpg,3,0,identity,0.5,top,SUCCESS,0.5836681127548218,0.4816264510154724,1.0,
synthetic_occlusion,thread_34.jpg,3,0,identity,0.5,center,SUCCESS,0.5516312122344971,0.4565306007862091,1.0,
synthetic_occlusion,thread_34.jpg,3,0,identity,0.5,bottom,SUCCESS,0.6137837767601013,0.4929986298084259,1.0,
synthetic_occlusion,thread_34.jpg,3,0,identity,0.75,top,SUCCESS,0.3846271336078644,0.22540539503097534,1.0,
synthetic_occlusion,thread_34.jpg,3,0,identity,0.75,center,SUCCESS,0.36487406492233276,0.21993082761764526,1.0,
synthetic_occlusion,thread_34.jpg,3,0,identity,0.75,bottom,SUCCESS,0.3804559111595154,0.22753937542438507,1.0,
synthetic_occlusion,thread_34.jpg,3,0,identity,1.0,top,SUCCESS,0.2245546579360962,0.009658969938755035,1.0,
synthetic_occlusion,thread_34.jpg,3,0,identity,1.0,center,SUCCESS,0.2245546579360962,0.009658969938755035,1.0,
synthetic_occlusion,thread_34.jpg,3,0,identity,1.0,bottom,SUCCESS,0.2245546579360962,0.009658969938755035,1.0,
clean_geometry,thread_34.jpg,3,0,perspective_moderate,0.0,none,SUCCESS,0.9610838890075684,0.9140072464942932,1.0,
synthetic_occlusion,thread_34.jpg,3,0,perspective_moderate,0.1,top,SUCCESS,0.915179967880249,0.8310179114341736,1.0,
synthetic_occlusion,thread_34.jpg,3,0,perspective_moderate,0.1,center,SUCCESS,0.8457455039024353,0.7785460352897644,1.0,
synthetic_occlusion,thread_34.jpg,3,0,perspective_moderate,0.1,bottom,SUCCESS,0.9067043662071228,0.8287016153335571,1.0,
synthetic_occlusion,thread_34.jpg,3,0,perspective_moderate,0.25,top,SUCCESS,0.7900481820106506,0.6795458197593689,1.0,
synthetic_occlusion,thread_34.jpg,3,0,perspective_moderate,0.25,center,SUCCESS,0.7384117245674133,0.6518844962120056,1.0,
synthetic_occlusion,thread_34.jpg,3,0,perspective_moderate,0.25,bottom,SUCCESS,0.7810981869697571,0.6811173558235168,1.0,
synthetic_occlusion,thread_34.jpg,3,0,perspective_moderate,0.5,top,SUCCESS,0.5578301548957825,0.43841204047203064,1.0,
synthetic_occlusion,thread_34.jpg,3,0,perspective_moderate,0.5,center,SUCCESS,0.5286625623703003,0.4044727683067322,1.0,
synthetic_occlusion,thread_34.jpg,3,0,perspective_moderate,0.5,bottom,SUCCESS,0.582433819770813,0.41071319580078125,1.0,
synthetic_occlusion,thread_34.jpg,3,0,perspective_moderate,0.75,top,SUCCESS,0.36853399872779846,0.1978853940963745,1.0,
synthetic_occlusion,thread_34.jpg,3,0,perspective_moderate,0.75,center,SUCCESS,0.3502780497074127,0.19272920489311218,1.0,
synthetic_occlusion,thread_34.jpg,3,0,perspective_moderate,0.75,bottom,SUCCESS,0.37302207946777344,0.20415817201137543,1.0,
synthetic_occlusion,thread_34.jpg,3,0,perspective_moderate,1.0,top,SUCCESS,0.22181035578250885,0.007678369991481304,1.0,
synthetic_occlusion,thread_34.jpg,3,0,perspective_moderate,1.0,center,SUCCESS,0.22181035578250885,0.007678369991481304,1.0,
synthetic_occlusion,thread_34.jpg,3,0,perspective_moderate,1.0,bottom,SUCCESS,0.22181035578250885,0.007678369991481304,1.0,
clean_geometry,thread_34.jpg,3,0,combined_moderate,0.0,none,SUCCESS,0.9643602967262268,0.9243720769882202,1.0,
synthetic_occlusion,thread_34.jpg,3,0,combined_moderate,0.1,top,SUCCESS,0.9530680775642395,0.8970710039138794,1.0,
synthetic_occlusion,thread_34.jpg,3,0,combined_moderate,0.1,center,SUCCESS,0.8339137434959412,0.7435857653617859,1.0,
synthetic_occlusion,thread_34.jpg,3,0,combined_moderate,0.1,bottom,SUCCESS,0.9592913389205933,0.9075019955635071,1.0,
synthetic_occlusion,thread_34.jpg,3,0,combined_moderate,0.25,top,SUCCESS,0.8230136632919312,0.7362748384475708,1.0,
synthetic_occlusion,thread_34.jpg,3,0,combined_moderate,0.25,center,SUCCESS,0.6872928142547607,0.5701183676719666,1.0,
synthetic_occlusion,thread_34.jpg,3,0,combined_moderate,0.25,bottom,SUCCESS,0.8198319673538208,0.7394871711730957,1.0,
synthetic_occlusion,thread_34.jpg,3,0,combined_moderate,0.5,top,SUCCESS,0.5659775137901306,0.43309101462364197,1.0,
synthetic_occlusion,thread_34.jpg,3,0,combined_moderate,0.5,center,SUCCESS,0.4612692594528198,0.2976514399051666,1.0,
synthetic_occlusion,thread_34.jpg,3,0,combined_moderate,0.5,bottom,SUCCESS,0.5805580615997314,0.4378177225589752,1.0,
synthetic_occlusion,thread_34.jpg,3,0,combined_moderate,0.75,top,SUCCESS,0.3288330137729645,0.13877138495445251,1.0,
synthetic_occlusion,thread_34.jpg,3,0,combined_moderate,0.75,center,SUCCESS,0.2598515748977661,0.06276769936084747,1.0,
synthetic_occlusion,thread_34.jpg,3,0,combined_moderate,0.75,bottom,SUCCESS,0.34131181240081787,0.14982850849628448,1.0,
synthetic_occlusion,thread_34.jpg,3,0,combined_moderate,1.0,top,SUCCESS,0.21944448351860046,0.003273948095738888,1.0,
synthetic_occlusion,thread_34.jpg,3,0,combined_moderate,1.0,center,SUCCESS,0.21944448351860046,0.003273948095738888,1.0,
synthetic_occlusion,thread_34.jpg,3,0,combined_moderate,1.0,bottom,SUCCESS,0.21944448351860046,0.003273948095738888,1.0,
clean_geometry,thread_35.jpg,3,0,identity,0.0,none,SUCCESS,1.0,1.0,1.0,
synthetic_occlusion,thread_35.jpg,3,0,identity,0.1,top,SUCCESS,0.9414560794830322,0.9062563180923462,1.0,
synthetic_occlusion,thread_35.jpg,3,0,identity,0.1,center,SUCCESS,0.8894076347351074,0.8609652519226074,1.0,
synthetic_occlusion,thread_35.jpg,3,0,identity,0.1,bottom,SUCCESS,0.9157625436782837,0.8769023418426514,1.0,
synthetic_occlusion,thread_35.jpg,3,0,identity,0.25,top,SUCCESS,0.7884663343429565,0.7307557463645935,1.0,
synthetic_occlusion,thread_35.jpg,3,0,identity,0.25,center,SUCCESS,0.7399467825889587,0.7023093104362488,1.0,
synthetic_occlusion,thread_35.jpg,3,0,identity,0.25,bottom,SUCCESS,0.7938607335090637,0.73276287317276,1.0,
synthetic_occlusion,thread_35.jpg,3,0,identity,0.5,top,SUCCESS,0.5748758316040039,0.4954209625720978,1.0,
synthetic_occlusion,thread_35.jpg,3,0,identity,0.5,center,SUCCESS,0.5422236323356628,0.45978567004203796,1.0,
synthetic_occlusion,thread_35.jpg,3,0,identity,0.5,bottom,SUCCESS,0.5947303175926208,0.4913143813610077,1.0,
synthetic_occlusion,thread_35.jpg,3,0,identity,0.75,top,SUCCESS,0.35957255959510803,0.24161994457244873,1.0,
synthetic_occlusion,thread_35.jpg,3,0,identity,0.75,center,SUCCESS,0.3607480227947235,0.2337915003299713,1.0,
synthetic_occlusion,thread_35.jpg,3,0,identity,0.75,bottom,SUCCESS,0.3354520797729492,0.2094610631465912,1.0,
synthetic_occlusion,thread_35.jpg,3,0,identity,1.0,top,SUCCESS,0.16543522477149963,0.003707853378728032,1.0,
synthetic_occlusion,thread_35.jpg,3,0,identity,1.0,center,SUCCESS,0.16543522477149963,0.003707853378728032,1.0,
synthetic_occlusion,thread_35.jpg,3,0,identity,1.0,bottom,SUCCESS,0.16543522477149963,0.003707853378728032,1.0,
clean_geometry,thread_35.jpg,3,0,perspective_moderate,0.0,none,SUCCESS,0.9612283110618591,0.9326109886169434,1.0,
synthetic_occlusion,thread_35.jpg,3,0,perspective_moderate,0.1,top,SUCCESS,0.9037246704101562,0.8417214751243591,1.0,
synthetic_occlusion,thread_35.jpg,3,0,perspective_moderate,0.1,center,SUCCESS,0.8523874282836914,0.7869141101837158,1.0,
synthetic_occlusion,thread_35.jpg,3,0,perspective_moderate,0.1,bottom,SUCCESS,0.8909585475921631,0.8302826285362244,1.0,
synthetic_occlusion,thread_35.jpg,3,0,perspective_moderate,0.25,top,SUCCESS,0.7594022750854492,0.6838104724884033,1.0,
synthetic_occlusion,thread_35.jpg,3,0,perspective_moderate,0.25,center,SUCCESS,0.7095826864242554,0.6490033268928528,1.0,
synthetic_occlusion,thread_35.jpg,3,0,perspective_moderate,0.25,bottom,SUCCESS,0.7733483910560608,0.6943260431289673,1.0,
synthetic_occlusion,thread_35.jpg,3,0,perspective_moderate,0.5,top,SUCCESS,0.5439377427101135,0.450870156288147,1.0,
synthetic_occlusion,thread_35.jpg,3,0,perspective_moderate,0.5,center,SUCCESS,0.5164523720741272,0.41983547806739807,1.0,
synthetic_occlusion,thread_35.jpg,3,0,perspective_moderate,0.5,bottom,SUCCESS,0.5799269676208496,0.4652719795703888,1.0,
synthetic_occlusion,thread_35.jpg,3,0,perspective_moderate,0.75,top,SUCCESS,0.34228602051734924,0.22221237421035767,1.0,
synthetic_occlusion,thread_35.jpg,3,0,perspective_moderate,0.75,center,SUCCESS,0.3430619239807129,0.20532195270061493,1.0,
synthetic_occlusion,thread_35.jpg,3,0,perspective_moderate,0.75,bottom,SUCCESS,0.3268243074417114,0.19589298963546753,1.0,
synthetic_occlusion,thread_35.jpg,3,0,perspective_moderate,1.0,top,SUCCESS,0.1638684868812561,0.007803787011653185,1.0,
synthetic_occlusion,thread_35.jpg,3,0,perspective_moderate,1.0,center,SUCCESS,0.1638684868812561,0.007803787011653185,1.0,
synthetic_occlusion,thread_35.jpg,3,0,perspective_moderate,1.0,bottom,SUCCESS,0.1638684868812561,0.007803787011653185,1.0,
clean_geometry,thread_35.jpg,3,0,combined_moderate,0.0,none,SUCCESS,0.9580748677253723,0.9246028065681458,1.0,
synthetic_occlusion,thread_35.jpg,3,0,combined_moderate,0.1,top,SUCCESS,0.9462412595748901,0.9041483402252197,1.0,
synthetic_occlusion,thread_35.jpg,3,0,combined_moderate,0.1,center,SUCCESS,0.819782555103302,0.7633779644966125,1.0,
synthetic_occlusion,thread_35.jpg,3,0,combined_moderate,0.1,bottom,SUCCESS,0.933238685131073,0.8957509994506836,1.0,
synthetic_occlusion,thread_35.jpg,3,0,combined_moderate,0.25,top,SUCCESS,0.7939894795417786,0.7289240956306458,1.0,
synthetic_occlusion,thread_35.jpg,3,0,combined_moderate,0.25,center,SUCCESS,0.6630869507789612,0.5836170315742493,1.0,
synthetic_occlusion,thread_35.jpg,3,0,combined_moderate,0.25,bottom,SUCCESS,0.807712197303772,0.7507674694061279,1.0,
synthetic_occlusion,thread_35.jpg,3,0,combined_moderate,0.5,top,SUCCESS,0.5215563774108887,0.4304989278316498,1.0,
synthetic_occlusion,thread_35.jpg,3,0,combined_moderate,0.5,center,SUCCESS,0.42070144414901733,0.28630000352859497,1.0,
synthetic_occlusion,thread_35.jpg,3,0,combined_moderate,0.5,bottom,SUCCESS,0.5603097081184387,0.4507042169570923,1.0,
synthetic_occlusion,thread_35.jpg,3,0,combined_moderate,0.75,top,SUCCESS,0.3019036054611206,0.1564749926328659,1.0,
synthetic_occlusion,thread_35.jpg,3,0,combined_moderate,0.75,center,SUCCESS,0.22609643638134003,0.07786178588867188,1.0,
synthetic_occlusion,thread_35.jpg,3,0,combined_moderate,0.75,bottom,SUCCESS,0.2908329665660858,0.14682358503341675,1.0,
synthetic_occlusion,thread_35.jpg,3,0,combined_moderate,1.0,top,SUCCESS,0.15810023248195648,0.0013335217954590917,1.0,
synthetic_occlusion,thread_35.jpg,3,0,combined_moderate,1.0,center,SUCCESS,0.15810023248195648,0.0013335217954590917,1.0,
synthetic_occlusion,thread_35.jpg,3,0,combined_moderate,1.0,bottom,SUCCESS,0.15810023248195648,0.0013335217954590917,1.0,
clean_geometry,thread_36.jpg,3,0,identity,0.0,none,SUCCESS,1.0,1.0,1.0,
synthetic_occlusion,thread_36.jpg,3,0,identity,0.1,top,SUCCESS,0.9427052736282349,0.8968545794487,1.0,
synthetic_occlusion,thread_36.jpg,3,0,identity,0.1,center,SUCCESS,0.867397665977478,0.784514307975769,1.0,
synthetic_occlusion,thread_36.jpg,3,0,identity,0.1,bottom,SUCCESS,0.9347261190414429,0.8923371434211731,1.0,
synthetic_occlusion,thread_36.jpg,3,0,identity,0.25,top,SUCCESS,0.8059980869293213,0.7421414852142334,1.0,
synthetic_occlusion,thread_36.jpg,3,0,identity,0.25,center,SUCCESS,0.7455497980117798,0.7004705667495728,1.0,
synthetic_occlusion,thread_36.jpg,3,0,identity,0.25,bottom,SUCCESS,0.7978028059005737,0.7312352657318115,1.0,
synthetic_occlusion,thread_36.jpg,3,0,identity,0.5,top,SUCCESS,0.583899736404419,0.4980308413505554,1.0,
synthetic_occlusion,thread_36.jpg,3,0,identity,0.5,center,SUCCESS,0.5434823632240295,0.46784576773643494,1.0,
synthetic_occlusion,thread_36.jpg,3,0,identity,0.5,bottom,SUCCESS,0.6131348013877869,0.489719957113266,1.0,
synthetic_occlusion,thread_36.jpg,3,0,identity,0.75,top,SUCCESS,0.36745354533195496,0.23356592655181885,1.0,
synthetic_occlusion,thread_36.jpg,3,0,identity,0.75,center,SUCCESS,0.34875568747520447,0.2199084460735321,1.0,
synthetic_occlusion,thread_36.jpg,3,0,identity,0.75,bottom,SUCCESS,0.37003424763679504,0.2330029308795929,1.0,
synthetic_occlusion,thread_36.jpg,3,0,identity,1.0,top,SUCCESS,0.20333939790725708,0.011901328340172768,1.0,
synthetic_occlusion,thread_36.jpg,3,0,identity,1.0,center,SUCCESS,0.20333939790725708,0.011901328340172768,1.0,
synthetic_occlusion,thread_36.jpg,3,0,identity,1.0,bottom,SUCCESS,0.20333939790725708,0.011901328340172768,1.0,
clean_geometry,thread_36.jpg,3,0,perspective_moderate,0.0,none,SUCCESS,0.9404669404029846,0.8774040937423706,1.0,
synthetic_occlusion,thread_36.jpg,3,0,perspective_moderate,0.1,top,SUCCESS,0.8985005021095276,0.8004970550537109,1.0,
synthetic_occlusion,thread_36.jpg,3,0,perspective_moderate,0.1,center,SUCCESS,0.8328027725219727,0.746002733707428,1.0,
synthetic_occlusion,thread_36.jpg,3,0,perspective_moderate,0.1,bottom,SUCCESS,0.8712917566299438,0.7486048936843872,1.0,
synthetic_occlusion,thread_36.jpg,3,0,perspective_moderate,0.25,top,SUCCESS,0.7678414583206177,0.6607052087783813,1.0,
synthetic_occlusion,thread_36.jpg,3,0,perspective_moderate,0.25,center,SUCCESS,0.7053347826004028,0.6250070929527283,1.0,
synthetic_occlusion,thread_36.jpg,3,0,perspective_moderate,0.25,bottom,SUCCESS,0.7585464119911194,0.6468349695205688,1.0,
synthetic_occlusion,thread_36.jpg,3,0,perspective_moderate,0.5,top,SUCCESS,0.5515220761299133,0.43760955333709717,1.0,
synthetic_occlusion,thread_36.jpg,3,0,perspective_moderate,0.5,center,SUCCESS,0.5067275762557983,0.40357986092567444,1.0,
synthetic_occlusion,thread_36.jpg,3,0,perspective_moderate,0.5,bottom,SUCCESS,0.5753383636474609,0.42253658175468445,1.0,
synthetic_occlusion,thread_36.jpg,3,0,perspective_moderate,0.75,top,SUCCESS,0.34848737716674805,0.20220890641212463,1.0,
synthetic_occlusion,thread_36.jpg,3,0,perspective_moderate,0.75,center,SUCCESS,0.3243316113948822,0.1728968322277069,1.0,
synthetic_occlusion,thread_36.jpg,3,0,perspective_moderate,0.75,bottom,SUCCESS,0.3483627438545227,0.19767241179943085,1.0,
synthetic_occlusion,thread_36.jpg,3,0,perspective_moderate,1.0,top,SUCCESS,0.19958573579788208,0.010598711669445038,1.0,
synthetic_occlusion,thread_36.jpg,3,0,perspective_moderate,1.0,center,SUCCESS,0.19958573579788208,0.010598711669445038,1.0,
synthetic_occlusion,thread_36.jpg,3,0,perspective_moderate,1.0,bottom,SUCCESS,0.19958573579788208,0.010598711669445038,1.0,
clean_geometry,thread_36.jpg,3,0,combined_moderate,0.0,none,SUCCESS,0.9601614475250244,0.9169026017189026,1.0,
synthetic_occlusion,thread_36.jpg,3,0,combined_moderate,0.1,top,SUCCESS,0.9502004981040955,0.8866624236106873,1.0,
synthetic_occlusion,thread_36.jpg,3,0,combined_moderate,0.1,center,SUCCESS,0.8180789351463318,0.7462136745452881,1.0,
synthetic_occlusion,thread_36.jpg,3,0,combined_moderate,0.1,bottom,SUCCESS,0.9527119398117065,0.8982250690460205,1.0,
synthetic_occlusion,thread_36.jpg,3,0,combined_moderate,0.25,top,SUCCESS,0.8242912292480469,0.7503466606140137,1.0,
synthetic_occlusion,thread_36.jpg,3,0,combined_moderate,0.25,center,SUCCESS,0.6777909994125366,0.5878663659095764,1.0,
synthetic_occlusion,thread_36.jpg,3,0,combined_moderate,0.25,bottom,SUCCESS,0.8169506788253784,0.7444028854370117,1.0,
synthetic_occlusion,thread_36.jpg,3,0,combined_moderate,0.5,top,SUCCESS,0.5477668642997742,0.4381956458091736,1.0,
synthetic_occlusion,thread_36.jpg,3,0,combined_moderate,0.5,center,SUCCESS,0.41900038719177246,0.2698828876018524,1.0,
synthetic_occlusion,thread_36.jpg,3,0,combined_moderate,0.5,bottom,SUCCESS,0.5796509981155396,0.4420360028743744,1.0,
synthetic_occlusion,thread_36.jpg,3,0,combined_moderate,0.75,top,SUCCESS,0.3067549765110016,0.14264778792858124,1.0,
synthetic_occlusion,thread_36.jpg,3,0,combined_moderate,0.75,center,SUCCESS,0.23980000615119934,0.06071308255195618,1.0,
synthetic_occlusion,thread_36.jpg,3,0,combined_moderate,0.75,bottom,SUCCESS,0.3067447245121002,0.1333913654088974,1.0,
synthetic_occlusion,thread_36.jpg,3,0,combined_moderate,1.0,top,SUCCESS,0.1937595009803772,0.0025110042188316584,1.0,
synthetic_occlusion,thread_36.jpg,3,0,combined_moderate,1.0,center,SUCCESS,0.1937595009803772,0.0025110042188316584,1.0,
synthetic_occlusion,thread_36.jpg,3,0,combined_moderate,1.0,bottom,SUCCESS,0.1937595009803772,0.0025110042188316584,1.0,
