ssim_threshold,clean_geometry_pass_count,clean_geometry_count,severe_synthetic_pass_count,severe_synthetic_count
0.8,48,48,0,276
0.805,48,48,0,276
0.81,48,48,0,276
0.815,48,48,0,276
0.82,48,48,0,276
0.825,48,48,0,276
0.83,48,48,0,276
0.835,48,48,0,276
0.84,48,48,0,276
0.845,48,48,0,276
0.85,48,48,0,276
0.855,48,48,0,276
0.86,48,48,0,276
0.865,48,48,0,276
0.87,48,48,0,276
0.875,48,48,0,276
0.88,48,48,0,276
0.885,48,48,0,276
0.89,48,48,0,276
0.895,48,48,0,276
0.9,48,48,0,276
0.905,48,48,0,276
0.91,48,48,0,276
0.915,48,48,0,276
0.92,48,48,0,276
0.925,48,48,0,276
0.93,48,48,0,276
0.935,48,48,0,276
0.94,48,48,0,276
0.945,47,48,0,276
0.95,46,48,0,276
0.955,41,48,0,276
0.96,34,48,0,276
0.965,24,48,0,276
0.97,18,48,0,276
0.975,17,48,0,276
0.98,16,48,0,276
0.985,16,48,0,276
0.99,16,48,0,276
0.995,16,48,0,276
1.0,16,48,0,276
