filename,category,raw_width,raw_height,upright_width,upright_height,exif_orientation,label_file,roi_box_count,annotation_class_ids,annotation_class_names,roi_boxes_xyxy_upright_px
nut_25.jpg,nut,638,638,638,638,missing,nut_25.txt,1,[5],"[""Black Nut""]","[[254.99966799999999,223.999886,394.99983599999996,364.000054]]"
nut_26.jpg,nut,638,638,638,638,missing,nut_26.txt,1,[5],"[""Black Nut""]","[[285.000342,306.00011200000006,424.00012599999997,436.000268]]"
nut_27.jpg,nut,425,425,425,425,missing,nut_27.txt,1,[5],"[""Black Nut""]","[[165.0000875,166.999925,270.0001625,268.99992499999996]]"
nut_28.jpg,nut,327,327,327,327,missing,nut_28.txt,1,[5],"[""Black Nut""]","[[138.0000495,102.9999315,240.0001785,204.0000945]]"
nut_29.jpg,nut,510,510,510,510,missing,nut_29.txt,1,[5],"[""Black Nut""]","[[198.99996,202.00003500000003,308.99982,315.99982500000004]]"
nut_30.jpg,nut,510,510,510,510,missing,nut_30.txt,1,[5],"[""Black Nut""]","[[218.999865,189.99999,334.99987500000003,312.00015]]"
nut_36.jpg,nut,741,741,741,741,missing,nut_36.txt,1,[5],"[""Black Nut""]","[[335.000172,295.99986,484.000452,445.00014]]"
nut_37.jpg,nut,510,510,510,510,missing,nut_37.txt,1,[5],"[""Black Nut""]","[[178.0002,166.000155,313.00025999999997,318.000045]]"
nut_38.jpg,nut,425,425,425,425,missing,nut_38.txt,1,[5],"[""Black Nut""]","[[156.000075,154.9998375,270.999975,272.9998125]]"
nut_39.jpg,nut,741,741,741,741,missing,nut_39.txt,1,[5],"[""Black Nut""]","[[313.9998615,310.999923,431.00005649999997,436.999563]]"
nut_40.jpg,nut,425,425,425,425,missing,nut_40.txt,1,[5],"[""Black Nut""]","[[156.000075,148.9999,279.000175,267.9999]]"
Nutsert_1.jpg,Nutsert,780,2429,780,2429,missing,Nutsert_1.txt,3,"[4,4,4]","[""Nutsert"",""Nutsert"",""Nutsert""]","[[361.99995000000007,296.9986880000001,468.99957,420.999138],[385.99976999999996,1204.0006475,489.99950999999993,1322.9997865],[364.99983,2100.999985,468.99956999999995,2223.999687]]"
Nutsert_2.jpg,Nutsert,618,1700,618,1700,missing,Nutsert_2.txt,3,"[4,4,4]","[""Nutsert"",""Nutsert"",""Nutsert""]","[[344.00012100000004,197.99985000000004,418.99998300000004,278.00015],[329.99994899999996,797.99955,405.99973500000004,877.00025],[277.99988400000007,1412.9992,357.00006,1496.9996]]"
Nutsert_3.jpg,Nutsert,583,2125,583,2125,missing,Nutsert_3.txt,3,"[4,4,4]","[""Nutsert"",""Nutsert"",""Nutsert""]","[[242.9999385,122.99924999999999,347.9999875,248.999],[272.9999525,1000.0005624999999,373.0001935,1110.9999375],[257.00010050000003,1838.9994375,359.00003150000003,1959.0003124999998]]"
Nutsert_4.jpg,Nutsert,572,1700,572,1700,missing,Nutsert_4.txt,3,"[4,4,4]","[""Nutsert"",""Nutsert"",""Nutsert""]","[[258.00002800000004,130.99945,344.000228,229.99895],[279.00015,837.9997000000001,363.000066,930.0002999999999],[258.00002800000004,1538.9998,344.000228,1633.9992]]"
Nutsert_5.jpg,Nutsert,508,1809,508,1809,missing,Nutsert_5.txt,3,"[4,4,4]","[""Nutsert"",""Nutsert"",""Nutsert""]","[[269.99996799999997,138.99903750000001,349.99980800000003,240.99950249999998],[283.000196,874.9997325,362.00029200000006,972.0001215],[260.999732,1604.99907,339.99982800000004,1702.999836]]"
Nutsert_6.jpg,Nutsert,433,1700,433,1700,missing,Nutsert_6.txt,3,"[4,4,4]","[""Nutsert"",""Nutsert"",""Nutsert""]","[[216.99989849999997,178.0002,286.9999775,263.99980000000005],[240.000209,807.9997999999999,307.000031,892.0002000000001],[233.00011449999997,1446.0004500000002,301.9999635,1536.99975]]"
thread_20.jpg,thread,741,741,741,741,missing,thread_20.txt,1,[3],"[""Thread""]","[[298.0001895,329.999904,400.9999305,426.99976799999996]]"
thread_21.jpg,thread,638,638,638,638,missing,thread_21.txt,1,[3],"[""Thread""]","[[273.999627,285.00002299999994,375.99987699999997,373.000001]]"
thread_23.jpg,thread,510,510,510,510,missing,thread_23.txt,1,[3],"[""Thread""]","[[222.000195,227.00023499999998,292.00024499999995,290.000025]]"
thread_24.jpg,thread,327,327,327,327,missing,thread_24.txt,1,[3],"[""Thread""]","[[139.999818,154.999962,212.99995199999998,213.99991800000004]]"
thread_25.jpg,thread,638,638,638,638,missing,thread_25.txt,1,[3],"[""Thread""]","[[263.999615,266.000383,345.99984099999995,337.000213]]"
thread_26.jpg,thread,510,510,510,510,missing,thread_26.txt,1,[3],"[""Thread""]","[[231.00016500000004,242.99969999999996,304.000035,313.99985999999996]]"
thread_27.jpg,thread,741,741,741,741,missing,thread_27.txt,1,[3],"[""Thread""]","[[306.00039599999997,341.99965799999995,411.00009600000004,443.9997899999999]]"
thread_28.jpg,thread,638,638,638,638,missing,thread_28.txt,1,[3],"[""Thread""]","[[258.999928,283.000212,357.99966400000005,371.99993600000005]]"
thread_29.jpg,thread,425,425,425,425,missing,thread_29.txt,1,[3],"[""Thread""]","[[171.000025,184.9997375,253.999975,257.99986249999995]]"
thread_30.jpg,thread,510,510,510,510,missing,thread_30.txt,1,[3],"[""Thread""]","[[201.00018,221.00008499999998,280.0002,288.999915]]"
thread_31.jpg,thread,638,638,638,638,missing,thread_31.txt,1,[3],"[""Thread""]","[[169.999885,268.99994,275.000011,376.000196]]"
thread_32.jpg,thread,638,638,638,638,missing,thread_32.txt,1,[3],"[""Thread""]","[[37.999918,309.000307,130.99990200000002,403.00003699999996]]"
thread_33.jpg,thread,638,638,638,638,missing,thread_33.txt,1,[3],"[""Thread""]","[[270.000324,270.000005,356.000172,345.000095]]"
thread_34.jpg,thread,510,510,510,510,missing,thread_34.txt,1,[3],"[""Thread""]","[[68.000085,210.99975,156.000075,291.99998999999997]]"
thread_35.jpg,thread,638,638,638,638,missing,thread_35.txt,1,[3],"[""Thread""]","[[270.000324,295.999781,353.000296,367.999995]]"
thread_36.jpg,thread,510,510,510,510,missing,thread_36.txt,1,[3],"[""Thread""]","[[175.000125,272.000085,260.000295,344.99995500000006]]"
